1997,1998,1999,2000,2001
-9999.0,-9999.0,-9999.0,-9999.0,-9999.0
-9999.0,-9999.0,-9999.0,-9999.0,-9999.0
-9999.0,-9999.0,-9999.0,-9999.0,-9999.0
-9999.0,-9999.0,-9999.0,-9999.0,-9999.0
-9999.0,-9999.0,-9999.0,-9999.0,-9999.0
-9999.0,-9999.0,-9999.0,-9999.0,-9999.0
-9999.0,-9999.0,-9999.0,-9999.0,-9999.0
-9999.0,-9999.0,-9999.0,-9999.0,-9999.0
-9999.0,-9999.0,-9999.0,-9999.0,-9999.0
-9999.0,-9999.0,-9999.0,-9999.0,-9999.0
-9999.0,-9999.0,-9999.0,-9999.0,-9999.0
-9999.0,-9999.0,-9999.0,-9999.0,-9999.0
-9999.0,-9999.0,-9999.0,-9999.0,-9999.0
-9999.0,-9999.0,-9999.0,-9999.0,-9999.0
-9999.0,-9999.0,-9999.0,-9999.0,-9999.0
-9999.0,-9999.0,-9999.0,-9999.0,-9999.0
-9999.0,-9999.0,-9999.0,-9999.0,-9999.0
-9999.0,-9999.0,-9999.0,-9999.0,-9999.0
-9999.0,-9999.0,-9999.0,-9999.0,-9999.0
-9999.0,-9999.0,-9999.0,-9999.0,-9999.0
-9999.0,-9999.0,-9999.0,-9999.0,-9999.0
-9999.0,-9999.0,-9999.0,-9999.0,-9999.0
-9999.0,-9999.0,-9999.0,-9999.0,-9999.0
-9999.0,-9999.0,-9999.0,-9999.0,-9999.0
-9999.0,-9999.0,-9999.0,-9999.0,-9999.0
-9999.0,-9999.0,-9999.0,-9999.0,-9999.0
-9999.0,-9999.0,-9999.0,-9999.0,-9999.0
-9999.0,-9999.0,-9999.0,-9999.0,-9999.0
-9999.0,-9999.0,-9999.0,-9999.0,-9999.0
-9999.0,-9999.0,-9999.0,-9999.0,-9999.0
-9999.0,-9999.0,-9999.0,-9999.0,-9999.0
-9999.0,-9999.0,-9999.0,-9999.0,-9999.0
-9999.0,-9999.0,-9999.0,-9999.0,-9999.0
-9999.0,-9999.0,-9999.0,-9999.0,-9999.0
-9999.0,-9999.0,-9999.0,-9999.0,-9999.0
-9999.0,-9999.0,-9999.0,-9999.0,-9999.0
-9999.0,-9999.0,-9999.0,-9999.0,-9837.928
-9999.0,-9999.0,-9999.0,-9999.0,-9813.521
-9999.0,-9999.0,-9999.0,-9999.0,-9979.477
-9999.0,-9999.0,-9999.0,-9999.0,-9999.0
-9999.0,-9999.0,-9999.0,-9999.0,-9994.119
-9999.0,-9999.0,-9999.0,-9999.0,-9989.238
-9999.0,-9999.0,-9999.0,-9999.0,-9999.0
-9999.0,-9999.0,-9999.0,-9999.0,-9730.55
-9999.0,-9984.356,-9994.119,-9959.95,-9559.709
-9999.0,-9994.119,-9989.238,-9989.237,-9559.703
-9999.0,-9969.715,-9959.95,-9896.493,-9423.029
-9999.0,-9950.1875,-9974.594,-9955.069,-9325.403
-9999.0,-9881.817,-9984.356,-9959.947,-9164.308
-9999.0,-9837.883,-9969.707,-9940.421,-9061.788
-9896.486,-9813.49,-9808.621,-9798.852,-9012.976
-9886.723,-9701.21,-9769.57,-9750.031,-8944.629
-9886.725,-9847.673,-9808.615,-9764.666,-8978.796
-9793.97,-9969.712,-9740.259,-9642.618,-8773.754
-9818.374,-9994.119,-9876.953,-9735.374,-8895.801
-9847.658,-9945.306,-9828.112,-9730.484,-8886.039
-9735.367,-9935.535,-9754.855,-9852.531,-8749.366
-9754.884,-9969.714,-9784.14,-9896.466,-8593.16
-9750.005,-9940.428,-9813.447,-9930.635,-8563.86
-9745.115,-9920.893,-9828.091,-9911.111,-8588.274
-9740.236,-9925.775,-9832.98,-9925.754,-8710.295
-9701.191,-9940.423,-9779.275,-9886.688,-8910.42
-9735.359,-9837.911,-9745.099,-9886.691,-8959.227
-9769.508,-9730.521,-9710.906,-9940.403,-9042.205
-9793.924,-9681.701,-9579.108,-9881.799,-9051.955
-9803.691,-9540.149,-9491.24,-9857.391,-8925.018
-9745.098,-9681.709,-9457.064,-9852.517,-8885.933
-9642.572,-9564.548,-9442.413,-9696.275,-8685.783
-9642.576,-9613.359,-9442.439,-9457.078,-8563.746
-9671.863,-9618.25,-9310.644,-9193.465,-8456.347
-9657.207,-9662.189,-9227.648,-8915.194,-8402.621
-9662.088,-9657.296,-9237.429,-8700.393,-8309.847
-9642.557,-9706.111,-9149.545,-8549.026,-8368.399
-9559.579,-9667.057,-9149.552,-8588.045,-8314.684
-9374.0625,-9540.125,-8871.26,-8602.664,-8475.768
-9232.49,-9647.512,-9095.839,-8744.224,-8495.269
-9134.821,-9667.028,-9007.935,-8622.106,-8509.864
-9095.738,-9481.505,-8934.6875,-8548.857,-8583.053
-8905.342,-9452.209,-8954.182,-8709.967,-8597.692
-8832.094,-9339.938,-8968.814,-8612.271,-8490.229
-8778.39,-9242.283,-8866.256,-8519.471,-8392.568
-8636.814,-9310.602,-8719.75,-8485.301,-8324.23
-8641.715,-9295.92,-8729.49,-8480.411,-8294.937
-8685.65,-9251.977,-8631.84,-8626.931,-8226.598
-8836.984,-9203.143,-8651.411,-8880.859,-8334.012
-8749.116,-9476.596,-8753.965,-8998.05,-8314.478
-8768.634,-9471.695,-8661.129,-8993.161,-8270.534
-8802.834,-9432.624,-8797.877,-8963.834,-8333.986
-8758.87,-9315.406,-8895.515,-8929.67,-8290.014
-8739.342,-9071.248,-8822.229,-8919.878,-8187.464
-8636.77,-9012.638,-8763.615,-8797.784,-8114.2026
-8709.986,-9007.768,-8680.58,-8841.703,-8036.0557
-8802.765,-8973.558,-8661.021,-8739.133,-7996.957
-8675.801,-8919.791,-8543.793,-8651.212,-7938.3545
-8465.822,-8787.977,-8675.572,-8607.24,-7874.8335
-8626.961,-8719.596,-8724.384,-8748.843,-7928.5244
-8548.791,-8690.322,-8636.452,-8778.133,-7899.1953
-8368.125,-8441.271,-8563.189,-8729.244,-7894.29
-8206.983,-8695.227,-8592.497,-8675.461,-7928.453
-8236.26,-8621.984,-8499.689,-8597.323,-7889.349
-8250.872,-8817.307,-8402.023,-8621.74,-7845.3813
-8202.035,-8700.126,-8294.639,-8582.672,-7884.4404
-8202.012,-8685.415,-8411.834,-8533.852,-7938.1113
-8182.403,-8807.486,-8421.54,-8563.148,-7899.027
-8177.485,-8890.451,-8441.075,-8558.256,-7933.1895
-8231.191,-8768.324,-8455.704,-8548.514,-7767.1553
-8280.024,-8714.57,-8450.809,-8260.398,-7801.303
-8328.897,-8968.509,-8543.612,-8577.872,-7884.299
-8363.051,-8983.197,-8577.811,-8709.713,-7894.076
-8470.496,-9046.662,-8602.269,-8909.936,-7899.0015
-8450.961,-9144.327,-8636.484,-8880.625,-7806.2524
-8387.477,-9222.45,-8411.849,-8958.746,-7762.3267
-8363.104,-9285.952,-8533.945,-8944.104,-7835.612
-8265.422,-9071.069,-8436.223,-8919.655,-7889.2715
-8338.679,-9017.397,-8529.004,-8909.92,-7986.9062
-8519.4,-9007.655,-8665.753,-8641.322,-8099.2373
-8631.703,-8973.486,-8739.017,-8675.524,-8216.448
-8626.789,-8983.271,-8846.473,-8660.842,-8406.876
-8660.936,-8851.449,-8841.572,-8563.184,-8431.307
-8724.391,-8802.64,-8900.194,-8612.006,-8367.868
-8822.044,-8929.555,-9041.818,-8680.377,-8402.07
-8924.607,-9032.102,-9159.041,-8690.146,-8494.853
-8968.547,-9071.172,-9212.785,-8768.258,-8543.699
-9036.916,-9027.241,-9124.862,-8836.633,-8680.42
-9061.322,-8988.203,-9154.15,-8748.694,-8739.018
-9022.223,-8968.611,-9222.512,-8734.035,-8695.085
-8919.648,-8944.143,-9124.795,-8914.727,-8787.834
-8968.506,-8968.574,-9071.062,-8826.84,-8734.142
-8924.529,-8953.879,-9080.799,-8968.455,-8807.393
-8895.216,-8924.577,-9100.316,-9027.096,-8812.251
-8885.41,-9027.095,-9022.174,-9110.121,-8787.793
-8880.479,-8988.013,-8987.965,-9114.988,-8885.414
-8860.939,-8895.224,-8968.413,-9036.817,-8841.449
-8963.506,-8900.08,-8943.998,-8963.531,-8763.301
-8973.279,-8968.494,-8939.119,-8983.067,-8841.434
-9056.342,-9031.986,-8978.21,-9022.124,-8890.279
-8904.957,-9051.497,-8992.869,-9036.757,-8880.519
-8992.871,-8988.006,-9046.576,-8997.678,-8807.258
-9002.61,-9080.786,-9075.832,-9002.564,-8856.057
-9012.389,-9017.291,-9007.463,-8895.119,-8807.226
-8773.043,-9017.282,-8821.845,-8699.764,-8563.049
-8821.864,-9061.246,-8855.998,-8660.737,-8558.146
-8826.723,-9056.389,-8865.738,-8699.806,-8587.45
-8753.4375,-8963.578,-8821.764,-8641.187,-8616.7295
-8714.338,-9031.98,-8797.348,-8660.736,-8572.738
-8650.86,-8934.27,-8787.572,-8704.677,-8621.604
-8514.154,-8758.491,-8865.722,-8611.911,-8655.787
-8548.347,-8572.885,-8875.449,-8519.1,-8611.85
-8475.06,-8519.142,-8958.463,-8445.849,-8709.507
-8411.426,-8465.371,-8875.412,-8401.852,-8826.67
-8396.741,-8235.793,-8733.805,-8504.355,-8753.408
-8435.827,-8191.825,-8728.879,-8475.008,-8772.89
-8387.031,-8245.56,-8655.574,-8401.684,-8684.93
-8328.396,-8294.428,-8714.207,-8416.335,-8582.321
-8391.908,-8177.1865,-8699.548,-8474.898,-8616.488
-8352.81,-8162.551,-8723.986,-8479.745,-8719.021
-8318.615,-8206.54,-8631.178,-8421.15,-8772.738
-8440.738,-8304.281,-8855.897,-8396.721,-8753.255
-8401.666,-8094.25,-8899.854,-8445.576,-8577.422
-8401.668,-7996.634,-8846.149,-8367.444,-8430.899
-8387.037,-7874.5596,-8743.71,-7888.8633,-8186.7144
-8299.132,-7737.803,-8636.332,-7713.0405,-7864.4014
-8328.444,-7689.0396,-8616.819,-7483.5386,-7630.0376
-8265.024,-7796.4277,-8475.221,-7234.539,-7371.1875
-8269.881,-7688.951,-8372.691,-7068.5054,-7161.1973
-8216.143,-7732.907,-8235.918,-7004.9834,-7034.206
-8138.051,-7718.267,-8216.371,-6897.556,-6951.1885
-8045.3003,-7703.569,-8104.0684,-6770.628,-6746.1504
-7967.131,-7742.5713,-7923.426,-6672.922,-6633.8584
-7781.579,-7561.8447,-7830.6475,-6560.6045,-6502.0083
-7527.606,-7517.8896,-7689.052,-6340.809,-6321.2783
-7371.247,-7439.786,-7518.0767,-6111.2754,-6062.408
-7249.056,-7092.956,-7195.704,-5945.214,-5940.306
-7200.244,-6926.921,-7220.123,-5950.082,-5935.4136
-7126.9707,-7000.191,-7088.2397,-5930.556,-5847.545
-6921.8237,-7058.77,-7019.8936,-5769.3916,-5657.09
-6877.8633,-7063.6436,-6805.002,-5740.0967,-5627.7617
-6819.195,-7063.6094,-6594.946,-5627.713,-5573.981
-6863.178,-6985.5186,-6658.4375,-5505.61,-5466.517
-6872.963,-6868.3535,-6707.2856,-5500.7627,-5490.9814
-6960.845,-6755.998,-6824.449,-5407.9424,-5403.0693
-6858.26,-6697.3525,-6726.7305,-5339.5195,-5329.7837
-6990.126,-6682.6606,-6765.776,-5305.2856,-5305.337
-7009.669,-6716.912,-6814.6274,-5344.3667,-5344.3945
-6907.1094,-6702.216,-6907.467,-5456.754,-5451.88
-6916.87,-6882.955,-7034.523,-5476.292,-5471.3994
-6975.4785,-6882.9424,-6975.949,-5461.6167,-5456.7197
-6965.6553,-6878.089,-6975.999,-5515.323,-5515.2993
-6907.024,-6697.253,-6976.0264,-5520.179,-5510.358
-7019.3867,-6814.4844,-7132.2725,-5520.169,-5510.3447
-7014.538,-6706.9863,-7093.191,-5554.336,-5544.4976
-6882.61,-6877.898,-6966.159,-5554.3135,-5544.4697
-6853.314,-6926.709,-6809.775,-5515.223,-5505.386
-6858.1562,-6902.314,-6853.828,-5471.259,-5471.202
-7043.789,-6990.2456,-6971.117,-5515.2324,-5500.5103
-7048.6562,-6907.1836,-6873.385,-5500.533,-5490.7075
-7068.174,-6980.3813,-7005.109,-5539.5713,-5544.3945
-7175.5493,-7170.8877,-7171.1714,-5583.502,-5593.2
-7331.7734,-7307.6787,-7229.7646,-5671.4023,-5661.592
-7287.827,-7346.721,-7356.663,-5705.585,-5690.8813
-7405.049,-7380.8857,-7395.7627,-5690.901,-5695.7334
-7473.422,-7424.776,-7503.17,-5681.1094,-5695.7256
-7424.6313,-7038.8936,-7400.5283,-5700.6543,-5705.4883
-7160.8325,-6906.9844,-7185.6143,-5808.123,-5808.0684
-6916.5044,-6667.585,-7019.491,-5910.692,-5905.7173
-6701.5107,-6452.6304,-6877.8135,-5969.287,-5978.937
-6559.7734,-6447.6953,-6819.1675,-6071.823,-6066.826
-6491.3804,-6286.5146,-6701.876,-6110.9014,-6105.918
-6369.185,-6232.751,-6599.2036,-6193.9243,-6184.0425
-6291.0293,-6183.866,-6218.2075,-6189.02,-6179.1523
-6188.416,-6154.5522,-6154.7236,-6149.915,-6154.6997
-6188.436,-6183.8643,-6184.0757,-6179.2305,-6179.1235
-6144.486,-6139.875,-6140.126,-6140.158,-6140.0327
-6154.2544,-6154.5103,-6135.219,-6154.759,-6149.7666
-6164.0957,-6164.347,-6144.9814,-6164.513,-6159.5225
-6134.844,-6135.093,-6140.1016,-6154.7363,-6154.6357
-6164.168,-6154.617,-6159.6245,-6164.464,-6164.3706
-6115.3047,-6120.414,-6115.658,-6120.47,-6115.5117
-6017.552,-6027.542,-6032.569,-6042.2744,-6047.076
-5958.877,-5968.8726,-5964.1416,-5973.8164,-5978.629
-5958.8613,-5963.9824,-5959.256,-5964.061,-5963.978
-5968.6465,-5978.6553,-5973.9097,-5978.7227,-5978.6216
-6002.826,-6003.0693,-6003.1885,-6003.1455,-6003.0273
-5953.9233,-5954.1733,-5954.2617,-5954.2563,-5949.2627
-5900.1553,-5905.2725,-5905.372,-5905.361,-5900.358
-5880.5957,-5885.7197,-5885.7993,-5885.8086,-5885.68
-5695.0254,-5695.272,-5695.336,-5695.353,-5695.207
-5631.5034,-5641.501,-5641.5693,-5641.587,-5641.454
-5680.3213,-5685.439,-5695.248,-5685.5254,-5680.5156
-5743.8193,-5739.1523,-5724.5513,-5744.117,-5739.1187
-5782.875,-5758.662,-5773.3584,-5778.2676,-5773.2847
-5782.876,-5807.4795,-5812.381,-5807.5605,-5807.4473
-5773.077,-5773.2744,-5783.053,-5778.234,-5773.2285
-5773.032,-5773.2266,-5778.1396,-5783.081,-5763.418
-5797.432,-5792.754,-5802.535,-5797.7056,-5782.948
-5812.1016,-5812.2935,-5846.5054,-5831.915,-5802.512
-5763.2188,-5773.191,-5807.377,-5807.463,-5773.159
-5719.2363,-5714.5415,-5743.839,-5743.9326,-5719.3896
-5729.008,-5729.1885,-5768.2646,-5748.8164,-5734.0405
-5704.5547,-5719.36,-5773.082,-5748.7773,-5714.4697
-5665.4155,-5670.45,-5733.9316,-5704.7363,-5665.554
-5553.042,-5538.5386,-5626.422,-5592.3877,-5538.5156
-5494.3955,-5514.057,-5562.8545,-5553.25,-5504.2695
-5474.798,-5474.951,-5553.043,-5504.3525,-5470.0264
-5508.946,-5484.677,-5577.421,-5553.1626,-5474.873
-5567.502,-5523.698,-5572.4824,-5592.1895,-5518.759
-5601.646,-5582.278,-5587.086,-5606.7944,-5504.0503
-5596.714,-5601.759,-5577.249,-5601.8823,-5523.557
-5601.545,-5611.4736,-5552.7695,-5611.5947,-5538.1455
-5572.172,-5591.8555,-5528.2812,-5621.3086,-5528.326
-5508.6025,-5533.158,-5474.4717,-5587.062,-5489.1855
-5474.36,-5430.4736,-5440.216,-5533.26,-5420.7324
-5420.5747,-5391.305,-5386.4033,-5503.8745,-5415.7676
-5366.802,-5313.0996,-5396.098,-5440.3203,-5381.5146
-5322.7437,-5303.251,-5366.693,-5420.7046,-5332.586
-5288.4727,-5268.9917,-5386.1543,-5435.276,-5391.148
-5224.8896,-5224.9653,-5332.345,-5366.788,-5322.69
-5146.636,-5151.5913,-5268.76,-5278.748,-5244.4473
-5097.7095,-5102.674,-5175.8555,-5220.033,-5200.3984
-5014.5703,-5039.0635,-5038.899,-5141.7393,-5112.3447
-4990.044,-4985.2417,-4985.052,-5039.0405,-5009.646
-4960.6284,-4965.6133,-4945.847,-5029.1895,-4970.459
-4877.491,-4897.127,-4906.6753,-4985.1094,-4945.928
-4774.7935,-4794.438,-4813.76,-4911.728,-4804.115
-4823.638,-4823.7305,-4818.601,-4965.4224,-4833.377
-4901.754,-4916.503,-4872.259,-4965.3457,-4931.031
-4862.5884,-4901.7383,-4857.508,-4931.037,-4906.5093
-4798.9595,-4852.74,-4793.8877,-4916.251,-4852.6724
-4676.7188,-4686.476,-4681.3594,-4798.812,-4715.7646
-4613.1113,-4622.8486,-4603.0356,-4710.7676,-4637.485
-4573.9497,-4549.4727,-4534.525,-4656.954,-4559.2173
-4515.22,-4539.618,-4514.8853,-4588.4365,-4510.2446
-4559.1074,-4568.8213,-4529.4326,-4588.302,-4524.788
-4602.991,-4593.145,-4558.675,-4622.4233,-4583.325
-4661.5376,-4646.786,-4631.8545,-4695.661,-4627.1963
-4651.643,-4651.544,-4631.727,-4656.455,-4646.6123
-4685.7495,-4724.7256,-4665.822,-4666.121,-4710.0254
-4714.928,-4700.1357,-4695.036,-4670.891,-4744.085
-4778.3545,-4763.5547,-4773.121,-4758.7515,-4802.6094
-4783.123,-4763.4233,-4743.6772,-4768.4204,-4802.509
-4748.8154,-4743.7847,-4733.7705,-4743.877,-4768.1963
-4719.3633,-4709.4736,-4694.544,-4699.7856,-4724.0713
-4694.799,-4689.785,-4679.7207,-4704.532,-4704.349
-4636.031,-4635.8975,-4630.6875,-4655.5493,-4665.0986
-4601.7124,-4577.118,-4567.0483,-4606.574,-4630.768
-4503.8623,-4513.422,-4503.407,-4538.0244,-4532.88
-4469.5615,-4439.946,-4449.5176,-4474.3706,-4479.0156
-4425.474,-4410.4688,-4405.436,-4430.285,-4430.037
-4405.8257,-4390.8135,-4390.6836,-4400.8516,-4405.5254
-4342.1904,-4341.854,-4341.7075,-4351.8574,-4346.7773
-4327.4346,-4307.536,-4307.3857,-4322.413,-4327.129
-4253.9907,-4263.417,-4258.411,-4268.5107,-4297.7
-4283.215,-4287.752,-4287.6694,-4297.7505,-4322.0474
-4258.672,-4268.099,-4263.0986,-4278.077,-4277.949
-4224.3555,-4228.912,-4223.877,-4229.1035,-4258.309
-4273.122,-4267.932,-4272.6626,-4277.924,-4307.1064
-4287.701,-4292.2944,-4287.2437,-4297.389,-4331.493
-4258.293,-4267.7427,-4262.7373,-4267.953,-4292.337
-4233.7344,-4238.3003,-4233.3003,-4233.6187,-4243.3345
-4262.9556,-4267.543,-4262.526,-4277.5215,-4282.3506
-4282.4087,-4282.1094,-4281.9844,-4287.2124,-4301.8145
-4292.125,-4296.7056,-4296.5845,-4301.8057,-4331.085
-4345.864,-4360.191,-4345.4067,-4345.741,-4370.1255
-4262.6616,-4276.948,-4271.9746,-4257.6187,-4277.1426
-4238.128,-4257.2944,-4242.543,-4252.637,-4252.5986
-4223.366,-4242.548,-4222.927,-4242.7935,-4242.77
-4154.8193,-4144.64,-4159.289,-4174.2334,-4154.671
-4125.413,-4124.981,-4129.8975,-4130.135,-4135.0405
-4144.9385,-4144.478,-4144.5225,-4149.6445,-4144.772
-4203.542,-4212.8755,-4208.0234,-4208.242,-4208.2705
-4257.2695,-4256.8066,-4256.879,-4257.0864,-4262.0117
-4330.5703,-4330.116,-4330.201,-4330.3716,-4325.538
-4379.414,-4378.9595,-4379.042,-4379.1973,-4379.2773
-4305.985,-4300.6475,-4305.617,-4305.757,-4305.8525
-4291.2246,-4295.677,-4295.7324,-4295.873,-4295.984
-4163.996,-4163.5483,-4163.6143,-4158.841,-4158.9775
-4163.921,-4163.4727,-4163.579,-4163.68,-4163.8027
-4100.2764,-4099.8423,-4099.956,-4100.022,-4100.172
-4070.8313,-4070.4048,-4070.5476,-4080.379,-4080.5374
-4051.1873,-4050.7593,-4055.7988,-4046.057,-4051.1213
-4065.7861,-4065.361,-4065.5088,-4060.6567,-4060.8354
-4070.5981,-4075.069,-4075.215,-4075.289,-4075.4385
-4085.2056,-4079.889,-4084.9255,-4089.9014,-4080.2292
-4085.1084,-4089.588,-4089.7275,-4089.8274,-4085.0376
-4094.825,-4094.4172,-4094.558,-4094.659,-4094.7537
-4158.3447,-4157.9517,-4158.0884,-4158.199,-4158.288
-4177.852,-4182.339,-4182.489,-4182.589,-4182.675
-4202.214,-4206.7393,-4202.004,-4202.0776,-4202.177
-4211.947,-4211.5874,-4211.7354,-4211.797,-4207.021
-4246.128,-4240.88,-4245.9253,-4245.991,-4241.1895
-4265.6445,-4265.286,-4265.4497,-4265.504,-4260.6943
-4280.266,-4279.921,-4280.0854,-4280.1177,-4280.2246
-4294.874,-4294.521,-4294.703,-4294.722,-4294.844
-4348.6396,-4348.285,-4348.4795,-4348.4844,-4348.6074
-4373.039,-4377.587,-4382.6865,-4382.6953,-4377.9043
-4480.6147,-4485.1714,-4485.3765,-4480.4717,-4480.5527
-4495.236,-4494.9053,-4495.123,-4495.086,-4495.162
-4509.864,-4509.5303,-4509.779,-4509.718,-4509.79
-4514.699,-4514.375,-4514.643,-4509.6553,-4504.8706
-4446.1655,-4436.059,-4446.111,-4446.004,-4426.5376
-4421.6265,-4401.7285,-4421.594,-4421.479,-4406.902
-4416.6357,-4396.743,-4416.616,-4416.5234,-4397.02
-4387.2305,-4362.4463,-4387.2007,-4387.1084,-4367.6294
-4284.466,-4264.5566,-4289.3096,-4289.205,-4274.647
-4230.6064,-4215.589,-4230.571,-4235.344,-4225.6743
-4240.338,-4205.7485,-4230.515,-4235.28,-4210.932
-4181.5464,-4176.333,-4196.195,-4191.1855,-4166.816
-4147.2485,-4146.9404,-4147.212,-4147.0986,-4142.303
-4142.2847,-4137.1035,-4142.2617,-4142.1494,-4127.555
-4127.5625,-4112.596,-4122.626,-4127.4243,-4127.503
-4127.473,-4127.2124,-4132.3447,-4132.2183,-4132.324
-4137.189,-4127.129,-4132.2876,-4137.048,-4132.248
-4122.4443,-4122.172,-4117.5586,-4117.42,-4127.2983
-4112.5693,-4112.3037,-4112.597,-4107.5654,-4112.556
-4073.3357,-4077.9746,-4073.397,-4078.1326,-4078.226
-4058.5825,-4058.346,-4053.73,-4063.3682,-4053.686
-4053.6213,-4038.7285,-4058.561,-4053.5176,-4053.626
-4043.7844,-4048.4478,-4048.713,-4043.6675,-4038.9102
-4009.4646,-3994.563,-4009.516,-3999.5732,-3989.9238
-3989.8364,-3994.5298,-3994.7864,-3989.729,-3980.0718
-3940.836,-3955.3464,-3955.5913,-3950.5122,-3931.073
-3886.9314,-3891.6853,-3891.9087,-3881.9558,-3882.0635
-3886.874,-3901.4294,-3901.6514,-3886.7998,-3886.896
-3886.8428,-3891.6084,-3891.829,-3891.6672,-3886.8599
-3901.4478,-3906.2334,-3906.459,-3896.4858,-3891.689
-3876.929,-3876.8416,-3886.864,-3886.6843,-3886.7598
-3862.1924,-3857.2244,-3867.235,-3867.0679,-3857.353
-3803.4146,-3808.2507,-3818.2441,-3813.204,-3798.5728
-3681.0088,-3676.0723,-3681.165,-3685.912,-3666.3667
-3632.0288,-3631.9758,-3637.0786,-3632.0344,-3622.2744
-3636.8752,-3636.8313,-3632.156,-3632.0098,-3627.126
-3631.9333,-3636.794,-3637.0225,-3631.9824,-3617.292
-3612.3267,-3612.2979,-3627.2095,-3617.2832,-3607.482
-3626.9463,-3622.0352,-3632.0554,-3617.2214,-3617.2188
-3646.4712,-3656.2554,-3656.478,-3636.7468,-3646.5337
-3670.899,-3666.0093,-3666.2197,-3661.1597,-3661.18
-3656.1812,-3661.083,-3666.1658,-3661.1392,-3656.2266
-3651.258,-3670.8613,-3656.3496,-3661.1094,-3651.3003
-3616.947,-3631.6572,-3631.8506,-3631.6714,-3621.8887
-3626.7007,-3631.6313,-3631.817,-3626.7734,-3626.7383
-3651.1455,-3636.5068,-3661.1528,-3641.4272,-3636.491
-3670.6924,-3675.6504,-3680.7078,-3680.5718,-3665.8442
-3631.5017,-3631.5513,-3646.4011,-3646.268,-3636.4465
-3562.957,-3572.7827,-3582.7578,-3577.7305,-3572.7983
-3611.8508,-3606.994,-3631.6658,-3602.165,-3607.023
-3626.4883,-3631.413,-3656.1035,-3646.181,-3641.2346
-3577.5042,-3587.3477,-3597.3223,-3592.3237,-3587.375
-3513.8418,-3548.1567,-3553.2295,-3533.5415,-3543.272
-3459.9595,-3469.8032,-3479.7756,-3469.8823,-3469.8193
-3347.3572,-3366.9907,-3376.9866,-3367.083,-3352.3445
-3332.6309,-3332.7122,-3337.8157,-3332.808,-3327.853
-3342.379,-3342.4565,-3352.448,-3347.438,-3342.4983
-3332.5645,-3332.6301,-3342.6248,-3337.6133,-3342.4333
-3298.2544,-3288.558,-3303.434,-3303.305,-3298.337
-3210.1233,-3215.0833,-3220.2012,-3229.871,-3224.876
-3195.4016,-3195.4663,-3195.7017,-3195.5874,-3195.4666
-3161.0803,-3180.7285,-3180.9663,-3180.8523,-3185.6084
-3136.5752,-3136.6265,-3151.5676,-3161.2397,-3161.0918
-3116.9326,-3141.4663,-3156.3955,-3170.9597,-3161.0205
-3146.2537,-3156.0952,-3146.5571,-3141.5525,-3136.5032
-3126.6423,-3136.4639,-3146.496,-3146.4062,-3141.3638
-3126.6123,-3126.6543,-3126.8843,-3126.788,-3126.6396
-3126.5742,-3141.314,-3131.757,-3131.655,-3131.5093
-3087.3926,-3097.2288,-3097.4592,-3092.461,-3087.4175
-3087.3667,-3097.2354,-3097.441,-3092.4468,-3092.3057
-3028.5745,-3038.4404,-3048.4373,-3048.3367,-3048.2053
-3116.648,-3111.8413,-3116.929,-3116.8447,-3111.804
-3219.432,-3239.098,-3239.2717,-3234.3208,-3229.2583
-3136.1826,-3155.826,-3156.0122,-3155.962,-3155.7825
-3082.3088,-3092.1606,-3087.448,-3092.2817,-3087.2087
-2940.2903,-2945.2568,-2950.3496,-2950.2744,-2950.091
-2920.6804,-2920.7544,-2920.9563,-2920.8706,-2920.6765
-2896.18,-2896.252,-2901.3467,-2911.0513,-2905.9744
-2891.2646,-2896.245,-2891.5332,-2886.549,-2891.276
-2891.2168,-2891.3098,-2891.4968,-2896.2998,-2891.216
-2827.5596,-2837.4521,-2837.6084,-2832.6387,-2832.4434
-2812.8452,-2817.852,-2813.1047,-2817.9287,-2822.628
-2773.6514,-2788.4565,-2778.827,-2783.6433,-2778.5376
-2729.5774,-2724.8135,-2729.8608,-2729.7695,-2729.5874
-2685.479,-2690.503,-2690.6475,-2705.2485,-2705.0703
-2631.5896,-2646.4175,-2646.5505,-2651.375,-2656.122
-2582.6084,-2607.2295,-2602.4658,-2597.52,-2597.3542
-2616.8445,-2621.898,-2622.0269,-2626.87,-2626.6958
-2592.3394,-2592.489,-2592.6262,-2597.4883,-2592.3975
-2602.1155,-2592.4873,-2602.393,-2597.4565,-2607.076
-2592.3018,-2602.2573,-2592.5798,-2597.4224,-2592.3699
-2587.391,-2592.4485,-2602.354,-2597.3923,-2597.2244
-2587.3887,-2597.3464,-2597.4497,-2592.5137,-2587.4368
-2533.5078,-2543.4746,-2543.5671,-2538.6482,-2538.4429
-2513.9136,-2518.9773,-2519.0786,-2519.0557,-2518.8506
-2533.4824,-2528.7603,-2533.7456,-2533.7075,-2533.543
-2523.666,-2528.755,-2528.8503,-2528.7822,-2528.6516
-2508.965,-2504.271,-2509.2468,-2514.0813,-2509.0808
-2459.9854,-2465.082,-2470.0752,-2469.9932,-2474.784
-2406.1318,-2416.104,-2416.2046,-2425.919,-2430.71
-2381.6418,-2386.735,-2396.6235,-2406.3262,-2406.2458
-2342.4639,-2342.679,-2342.7913,-2352.4902,-2357.289
-2264.1123,-2269.2283,-2269.3281,-2279.0288,-2274.0264
-2264.1133,-2274.117,-2284.006,-2259.451,-2259.33
-2229.8447,-2239.843,-2235.0415,-2230.074,-2215.288
-2244.5234,-2244.7363,-2254.6162,-2244.733,-2229.9614
-2229.8298,-2249.6516,-2244.834,-2239.855,-2234.8638
-2175.9553,-2205.5522,-2195.8738,-2210.4668,-2195.6804
-2161.277,-2176.1775,-2176.2932,-2185.975,-2166.3057
-2136.7825,-2137.0024,-2161.6135,-2141.9058,-2141.8235
-2092.7317,-2107.6318,-2112.675,-2097.8599,-2097.7676
-2092.7124,-2107.631,-2122.4504,-2102.7336,-2107.5603
-2185.697,-2190.842,-2186.0823,-2185.9536,-2185.877
-2249.3347,-2269.156,-2264.3828,-2264.2832,-2259.2869
-2293.3809,-2303.3936,-2308.4358,-2293.6362,-2288.647
-2308.077,-2318.0718,-2323.1228,-2323.004,-2327.841
-2410.8506,-2420.8477,-2435.6743,-2430.6792,-2425.7117
-2430.4202,-2450.2,-2455.25,-2450.2498,-2440.3723
-2435.2935,-2440.3848,-2445.4492,-2450.21,-2440.3506
-2449.9546,-2469.7576,-2460.115,-2450.2026,-2445.238
-2420.5408,-2440.378,-2440.502,-2420.7998,-2420.767
-2449.9023,-2469.7466,-2469.8577,-2440.3735,-2459.904
-2391.1445,-2450.159,-2450.2583,-2430.5737,-2435.4238
-2449.8892,-2479.504,-2469.8206,-2474.6091,-2459.878
-2508.6392,-2513.7656,-2528.5723,-2513.7766,-2518.6255
-2493.9277,-2494.1528,-2499.142,-2508.846,-2513.7012
-2498.8105,-2503.9375,-2499.1147,-2503.922,-2503.9058
-2508.5881,-2523.5164,-2518.687,-2523.4915,-2518.586
-2557.5127,-2562.6753,-2562.7449,-2557.7568,-2562.6309
-2557.4917,-2572.4607,-2572.525,-2562.643,-2572.4043
-2498.7302,-2513.704,-2518.671,-2513.685,-2513.6587
-2508.5015,-2518.604,-2518.661,-2518.5588,-2523.4355
-2498.6846,-2513.7007,-2513.7583,-2513.6614,-2513.6406
-2488.8872,-2484.3372,-2489.296,-2484.278,-2479.3755
-2444.787,-2469.6501,-2459.9026,-2464.664,-2469.5674
-2415.3877,-2430.5122,-2430.5276,-2435.299,-2440.206
-2376.2195,-2386.457,-2386.4849,-2381.4436,-2381.4795
-2381.107,-2391.3425,-2391.4075,-2391.2385,-2381.4878
-2385.995,-2386.4524,-2386.5283,-2381.4565,-2386.4263
-2381.0444,-2381.5603,-2386.5066,-2381.4563,-2376.603
-2332.0767,-2361.9797,-2362.0635,-2361.8882,-2366.8223
-2302.6643,-2313.0203,-2308.2258,-2312.9182,-2303.1675
-2263.4927,-2264.085,-2269.093,-2264.001,-2259.1357
-2278.1338,-2288.55,-2298.474,-2293.3315,-2298.2732
-2278.1045,-2283.666,-2283.795,-2273.7485,-2283.5942
-2292.7944,-2303.2605,-2308.287,-2298.2332,-2293.4065
-2317.243,-2317.935,-2318.0964,-2322.7378,-2317.8955
-2297.6543,-2317.9514,-2313.235,-2322.777,-2313.048
-2224.191,-2234.705,-2234.9016,-2239.557,-2229.831
-2189.894,-2195.555,-2195.7454,-2195.4915,-2195.5635
-2160.5059,-2166.1912,-2166.38,-2161.2336,-2161.3013
-2136.0413,-2131.921,-2132.1238,-2146.5906,-2127.0479
-2047.8839,-2043.7874,-2053.7869,-2053.5845,-2043.812
-2028.2756,-2029.0989,-2029.3214,-2029.1001,-2034.0311
-2008.7039,-2019.3278,-2019.5563,-2024.2097,-2024.2485
-2013.603,-2024.2571,-2024.471,-2019.3369,-2019.3677
-2013.6074,-2004.717,-2004.923,-2004.6848,-2004.7133
-1998.905,-2004.7147,-2009.8165,-1999.7869,-2004.6957
-2003.7979,-1999.8372,-2000.05,-1999.8042,-1999.8254
-2003.8082,-2004.7725,-2004.9835,-2004.7402,-2004.7167
-2033.1804,-2029.2766,-2029.4805,-2029.2408,-2034.1133
-2072.3704,-2078.2822,-2078.4724,-2078.2283,-2068.3984
-2106.6611,-2102.7783,-2102.9744,-2102.7578,-2107.5657
-2087.0732,-2093.0369,-2093.2312,-2092.9915,-2092.896
-2096.8704,-2097.986,-2098.1743,-2093.0364,-2097.8123
-2082.2073,-2083.378,-2088.423,-2078.4053,-2083.183
-2072.404,-2068.715,-2073.7595,-2078.4263,-2073.3992
-2131.1677,-2132.401,-2132.5317,-2137.2158,-2132.152
-2194.797,-2191.186,-2196.199,-2186.2256,-2186.0278
-2199.7043,-2201.0483,-2206.0293,-2196.0598,-2205.6367
-2229.0977,-2230.488,-2230.552,-2220.5933,-2225.271
-2307.422,-2323.5525,-2318.6885,-2323.4246,-2328.1
-2282.966,-2313.8013,-2308.9346,-2323.4534,-2313.454
-2278.0671,-2284.488,-2279.5884,-2284.3042,-2279.2017
-2248.7112,-2264.9722,-2260.0488,-2264.756,-2274.3354
-2145.8826,-2152.3735,-2152.3516,-2166.8257,-2166.6318
-2150.7856,-2157.2778,-2162.1602,-2152.145,-2142.1675
-2165.5112,-2152.4255,-2176.8906,-2176.665,-2156.895
-2224.2634,-2196.509,-2245.437,-2230.547,-2196.0918
-2214.4946,-2201.3982,-2230.7856,-2225.6746,-2196.129
-2234.0676,-2186.7017,-2216.0852,-2196.274,-2186.3152
-2327.085,-2299.301,-2328.6826,-2333.359,-2298.919
-2346.6672,-2323.7578,-2343.367,-2372.4973,-2323.3762
-2371.1587,-2358.0312,-2372.754,-2372.512,-2352.7607
-2366.264,-2377.5547,-2382.4995,-2372.488,-2352.7354
-2380.9495,-2397.1042,-2392.2815,-2392.052,-2362.5195
-2415.2307,-2421.5496,-2421.6348,-2421.4177,-2421.2666
-2459.2942,-2470.4658,-2470.5696,-2470.3804,-2460.4116
-2415.2393,-2426.3696,-2426.4697,-2431.2007,-2416.3347
-2376.0408,-2401.8352,-2401.9517,-2406.693,-2401.6304
-2366.248,-2367.5273,-2367.6475,-2396.8596,-2377.143
-2464.1567,-2470.2974,-2480.2131,-2480.0781,-2465.2673
-2527.8074,-2548.6074,-2538.9487,-2553.4941,-2543.5815
-2615.9226,-2641.583,-2641.7388,-2636.7031,-2636.5835
-2611.0264,-2641.5361,-2641.726,-2641.5767,-2641.4778
-2606.1265,-2631.7192,-2651.4805,-2646.4353,-2646.3513
-2581.6406,-2602.321,-2597.6025,-2612.1514,-2607.1812
-2522.8755,-2548.4348,-2548.6313,-2543.5815,-2548.42
-2459.1848,-2489.6216,-2480.0513,-2489.6628,-2484.736
-2454.267,-2470.018,-2470.2383,-2474.9536,-2470.0088
-2434.6855,-2450.4058,-2450.632,-2450.462,-2450.4124
-2419.9912,-2421.0127,-2421.2395,-2425.9521,-2421.0176
-2405.3125,-2411.2085,-2411.4346,-2416.167,-2416.128
-2400.4038,-2386.6997,-2406.497,-2401.434,-2406.3115
-2341.6553,-2362.195,-2367.3237,-2367.1555,-2367.1362
-2336.753,-2327.9106,-2333.0488,-2337.7705,-2337.7485
-2385.745,-2371.976,-2382.0176,-2381.8345,-2372.0464
-2380.8257,-2381.7207,-2391.79,-2376.9136,-2386.733
-2390.6316,-2406.2095,-2411.3838,-2406.2788,-2396.5166
-2380.8452,-2381.7317,-2386.9028,-2381.7712,-2376.9346
-2371.0557,-2376.827,-2381.9883,-2367.054,-2381.8018
-2385.7659,-2396.4058,-2386.8872,-2396.4507,-2401.3887
-2371.0781,-2381.6885,-2381.9817,-2381.712,-2381.7898
-2356.3936,-2357.2224,-2362.396,-2362.1367,-2347.512
-2361.3,-2347.43,-2372.1897,-2362.136,-2347.5322
-2366.2336,-2362.144,-2377.1123,-2367.0537,-2367.1172
-2439.6973,-2445.3582,-2460.329,-2455.1938,-2445.4197
-2429.9097,-2435.563,-2440.7656,-2440.4883,-2425.864
-2400.564,-2396.4019,-2401.6084,-2401.3108,-2396.4854
-2400.5825,-2396.42,-2401.6316,-2401.315,-2396.469
-2400.6318,-2406.2517,-2416.338,-2416.03,-2406.2695
-2356.5774,-2362.1858,-2362.4749,-2371.963,-2362.2144
-2327.2327,-2342.603,-2342.902,-2347.4824,-2342.6353
-2356.626,-2381.7803,-2382.0906,-2386.6655,-2376.912
-2366.439,-2362.2126,-2367.4272,-2367.1255,-2362.257
-2332.163,-2381.8154,-2391.9143,-2391.6177,-2372.0557
-2307.7046,-2313.3022,-2308.6858,-2313.3042,-2308.4229
-2155.9546,-2190.8997,-2205.8809,-2205.6194,-2195.8215
-2107.0032,-2141.9517,-2147.127,-2146.8906,-2146.8716
-2038.5082,-2078.3425,-2083.5017,-2088.17,-2078.3525
-2043.4248,-2058.7432,-2063.9253,-2058.787,-2053.8677
-2072.8203,-2088.1274,-2083.5164,-2083.3076,-2078.372
-2053.2666,-2058.7817,-2059.075,-2063.743,-2034.3196
-2004.3218,-1995.1365,-1995.4276,-2009.8649,-2000.0531
-1994.5562,-1995.1641,-1995.4199,-2004.9702,-1990.2656
-1940.7422,-1960.9067,-1961.1843,-1965.8435,-1965.7905
-1921.1897,-1916.8416,-1917.1372,-1926.6913,-1911.938
-1916.326,-1916.8628,-1922.054,-1936.5101,-1916.8601
-1891.8859,-1882.6482,-1887.8201,-1897.3855,-1872.844
-1862.5154,-1853.2764,-1853.5481,-1863.1387,-1848.3832
-1872.3517,-1882.6736,-1882.9385,-1892.5419,-1867.9624
-1911.5583,-1912.0808,-1912.343,-1921.9462,-1907.1663
-1926.287,-1926.7712,-1917.28,-1931.7681,-1921.8889
-1921.4336,-1912.1182,-1902.627,-1922.0258,-1902.3347
-1887.1401,-1882.7212,-1883.0321,-1907.3307,-1877.8362
-1950.8271,-1941.5046,-1936.8975,-1956.3108,-1926.8206
-1990.0303,-1995.3927,-1990.7761,-1995.5333,-1980.71
-2034.1454,-2034.5992,-2029.9819,-2039.6525,-2019.9194
-2053.73,-2049.3032,-2049.57,-2059.2466,-2044.3972
-2053.7664,-2054.2175,-2049.5881,-2059.2627,-2039.5381
-2044.0043,-2049.3457,-2044.7251,-2049.502,-2039.5784
-2058.71,-2049.3672,-2049.6377,-2059.3152,-2049.389
-2044.0669,-2039.6055,-2030.1058,-2044.6765,-2039.6271
-2053.874,-2064.0796,-2054.5908,-2059.3962,-2049.4048
-2097.9717,-2098.3857,-2093.7778,-2098.5693,-2103.2664
-2112.6938,-2132.7073,-2118.2773,-2127.942,-2113.0806
-2137.2017,-2142.5396,-2128.096,-2137.7515,-2127.7935
-2142.165,-2152.3599,-2147.6992,-2152.4878,-2142.511
-2186.2405,-2196.4463,-2191.7725,-2186.7686,-2186.6086
-2196.058,-2206.268,-2196.684,-2191.6765,-2186.6519
-2205.891,-2216.0981,-2216.2935,-2216.1646,-2211.1787
-2215.7297,-2230.838,-2226.1353,-2226.0059,-2216.128
-2274.495,-2289.601,-2279.9937,-2289.6655,-2279.7974
-2313.6855,-2309.2283,-2314.2983,-2309.2642,-2309.2126
-2328.3906,-2338.6287,-2328.9956,-2328.8872,-2338.622
-2328.4214,-2343.555,-2333.9392,-2338.712,-2328.8667
-2338.2427,-2343.5974,-2338.8628,-2338.7463,-2333.7964
-2338.2874,-2343.6248,-2338.8901,-2338.768,-2343.6301
-2353.014,-2363.2449,-2348.7192,-2353.4885,-2353.45
-2406.911,-2417.151,-2402.6099,-2407.385,-2397.561
-2426.5464,-2426.9983,-2427.1465,-2427.0186,-2412.293
-2426.5637,-2427.0273,-2412.4927,-2422.1443,-2422.1091
-2421.7112,-2431.9648,-2437.0142,-2427.0886,-2431.9443
-2387.479,-2397.7156,-2388.0952,-2397.734,-2397.709
-2392.4253,-2392.8606,-2388.131,-2387.973,-2392.844
-2382.6929,-2383.126,-2383.2876,-2383.1172,-2383.097
-2402.2905,-2402.7207,-2402.8794,-2397.8254,-2397.8115
-2441.4954,-2446.823,-2446.9685,-2441.9414,-2441.9116
-2426.847,-2427.2808,-2427.4255,-2427.292,-2427.2769
-2402.4297,-2407.751,-2407.8994,-2402.8599,-2402.854
-2358.3975,-2373.5056,-2368.773,-2373.4958,-2368.626
-2338.842,-2349.0386,-2344.327,-2349.051,-2349.0728
-2329.067,-2329.4814,-2329.6917,-2329.5112,-2329.5085
-2338.8916,-2334.4075,-2344.4043,-2344.2263,-2334.4324
-2319.3804,-2324.665,-2319.977,-2324.672,-2319.7852
-2309.6099,-2309.9827,-2315.0952,-2314.8906,-2314.9092
-2314.5496,-2319.8157,-2320.0308,-2319.8323,-2319.8542
-2314.591,-2324.75,-2324.9495,-2324.7637,-2324.7678
-2309.743,-2315.0024,-2315.202,-2314.999,-2310.1177
-2309.7874,-2315.0452,-2315.2297,-2315.0217,-2310.161
-2329.3962,-2329.7837,-2329.9539,-2329.7468,-2329.7834
-2388.174,-2393.4587,-2383.8235,-2388.5225,-2388.558
-2402.8862,-2403.2827,-2408.3394,-2408.143,-2398.3752
-2417.6313,-2413.119,-2418.169,-2422.8867,-2413.1062
-2422.5732,-2418.0352,-2437.779,-2408.2344,-2408.237
-2461.767,-2462.139,-2472.0781,-2467.0012,-2462.1306
-2491.192,-2486.6675,-2491.6997,-2491.509,-2481.7356
-2481.4377,-2481.8044,-2481.9539,-2486.6729,-2486.6575
-2476.5962,-2491.646,-2481.986,-2491.628,-2481.792
-2491.3262,-2486.815,-2491.8325,-2491.6802,-2491.6245
-2496.2827,-2511.3408,-2511.4473,-2506.3862,-2511.2378
-2511.025,-2516.281,-2516.3853,-2511.314,-2516.1792
-2515.9688,-2516.3364,-2521.3083,-2521.1604,-2516.223
-2491.5354,-2511.466,-2506.633,-2506.5027,-2501.5747
-2511.1218,-2516.4043,-2526.255,-2516.3218,-2516.3003
-2516.0608,-2511.546,-2516.5105,-2516.3726,-2516.3484
-2501.4136,-2506.7043,-2506.761,-2506.6262,-2506.5942
-2477.0078,-2496.9644,-2497.0388,-2496.8987,-2496.8584
-2437.8882,-2438.249,-2438.3425,-2438.166,-2438.1465
-2437.9292,-2443.1675,-2443.2654,-2443.0527,-2443.0488
-2418.389,-2413.8281,-2428.6196,-2423.521,-2423.5037
-2423.3538,-2418.7832,-2423.7942,-2418.6978,-2418.678
-2413.5913,-2413.9246,-2409.1506,-2408.9336,-2404.0312
-2408.7415,-2399.2722,-2404.2961,-2404.0752,-2404.0574
-2398.9995,-2399.3276,-2399.4263,-2399.21,-2399.1865
-2384.3613,-2384.7124,-2384.7808,-2389.4915,-2389.4473
-2374.6553,-2374.9915,-2375.0532,-2374.871,-2374.8271
-2345.3264,-2350.5667,-2350.6113,-2350.4255,-2350.3857
-2320.9265,-2321.2395,-2331.0835,-2330.8745,-2325.9375
-2301.4146,-2306.6052,-2311.5693,-2316.2307,-2316.205
-2262.317,-2267.4873,-2262.6648,-2277.0981,-2272.191
-2223.2373,-2233.286,-2228.4463,-2228.1787,-2228.1694
-2198.8064,-2189.284,-2199.1345,-2193.9548,-2203.7397
-2184.1702,-2184.4307,-2184.5056,-2184.179,-2184.2153
-2184.2227,-2174.6953,-2184.544,-2184.2249,-2184.2632
-2179.3997,-2169.8655,-2179.7212,-2179.3782,-2179.4272
-2179.4448,-2179.6946,-2184.6406,-2184.2993,-2189.2388
-2179.4902,-2179.7363,-2179.8164,-2179.4631,-2179.4976
-2184.4434,-2179.788,-2184.781,-2184.3867,-2184.4185
-2189.3945,-2189.61,-2189.7385,-2189.3147,-2189.3687
-2184.5662,-2184.7942,-2184.9038,-2184.4553,-2189.4407
-2184.6167,-2184.8508,-2184.9543,-2184.507,-2184.5986
-2174.8918,-2175.1128,-2175.2087,-2174.7637,-2174.8657
-2179.8687,-2180.0796,-2180.156,-2179.728,-2174.9314
-2179.9531,-2180.157,-2180.228,-2179.7786,-2179.8906
-2170.2417,-2170.426,-2170.4968,-2170.0476,-2170.167
-2160.527,-2170.497,-2170.5723,-2165.1953,-2170.23
-2160.59,-2160.7595,-2160.86,-2160.3433,-2160.5254
-2150.891,-2151.0242,-2151.1484,-2150.6167,-2150.804
-2136.3223,-2136.4087,-2136.5605,-2136.0132,-2136.204
-2116.8252,-2121.769,-2121.9202,-2121.3772,-2121.5698
-2107.1326,-2107.1416,-2117.067,-2101.8647,-2111.8386
-2082.777,-2092.5142,-2087.7634,-2082.3545,-2087.4387
-2063.3057,-2063.2239,-2063.3735,-2067.7603,-2067.9587
-2043.8013,-2048.6052,-2048.761,-2048.2266,-2048.4248
-2034.0942,-2033.9885,-2034.1533,-2033.5933,-2033.802
-2024.3914,-2029.1614,-2029.3301,-2028.7734,-2028.9688
-2014.7048,-2024.322,-2024.5048,-2023.9512,-2024.1449
-2014.8182,-2019.5,-2019.6941,-2014.2534,-2014.4558
-2000.2051,-1999.9531,-2005.0531,-2004.5071,-2004.7142
-1980.7112,-1980.4385,-1980.6381,-1980.1055,-1980.2979
-1971.0245,-1970.7058,-1970.9048,-1970.3767,-1970.5709
-1966.2297,-1965.8835,-1966.0674,-1965.558,-1965.7661
-1951.6573,-1951.2734,-1951.4757,-1950.9553,-1951.1843
-1927.2822,-1931.7615,-1936.8737,-1936.3293,-1941.4392
-1902.8972,-1907.3716,-1912.4983,-1911.9341,-1912.1572
-1873.6235,-1887.8989,-1888.1228,-1887.5702,-1887.7915
-1785.6584,-1795.0654,-1805.0693,-1804.4828,-1799.8247
-1756.3926,-1756.0027,-1761.1357,-1760.5228,-1760.754
-1707.5553,-1716.9453,-1712.2979,-1721.468,-1726.5901
-1658.7258,-1658.3323,-1663.4568,-1662.8418,-1663.0608
-1595.2327,-1594.8276,-1595.0408,-1594.4219,-1594.6633
-1546.4172,-1545.9998,-1546.2095,-1545.5906,-1545.8225
-1531.8191,-1541.1802,-1541.386,-1540.7708,-1540.9896
-1497.6721,-1516.8033,-1517.0001,-1516.4,-1516.5822
-1483.0778,-1487.5436,-1482.832,-1487.1289,-1482.427
-1453.836,-1463.1897,-1463.3386,-1462.779,-1462.9601
-1429.4706,-1424.1473,-1434.0758,-1433.5249,-1433.6843
-1405.1074,-1414.4429,-1414.5881,-1414.0518,-1414.2192
-1346.5144,-1350.942,-1351.0729,-1365.2145,-1370.2599
-1209.6436,-1218.9838,-1223.9988,-1223.4514,-1223.6056
-1107.0237,-1131.0424,-1126.2507,-1125.7319,-1130.7733
-1043.5245,-1062.6484,-1062.7294,-1067.0999,-1067.2665
-950.66943,-964.9097,-974.74475,-974.2438,-974.4374
-906.7401,-911.1877,-911.23804,-910.7533,-910.94507
-833.48804,-847.7149,-847.76355,-852.1877,-847.4593
-784.66174,-789.12256,-798.9524,-822.9558,-823.0791
-770.08105,-774.53845,-784.37885,-783.93555,-779.1571
-779.9723,-779.5456,-779.57324,-779.1697,-779.2484
-770.30084,-779.64734,-784.5543,-774.38916,-784.2422
-789.99097,-789.552,-789.59375,-784.3336,-789.24854
-760.74036,-765.2029,-765.2379,-764.8557,-764.8602
-736.3741,-735.9621,-735.9938,-730.72375,-735.62177
-736.4895,-736.0727,-736.1049,-735.7245,-730.83923
-736.5791,-741.0687,-741.0962,-740.71094,-740.71716
-741.59436,-746.07446,-751.0134,-745.7535,-745.7224
-761.2632,-760.8581,-760.91846,-760.55994,-760.48376
-756.4751,-756.0947,-756.13605,-755.79034,-755.68835
-766.3544,-766.00415,-770.90814,-770.5818,-765.56506
-761.5792,-766.15796,-761.2285,-765.8119,-765.69165
-756.79004,-756.49207,-756.41626,-756.17126,-756.00366
-756.9187,-766.3857,-766.29846,-766.07513,-765.88416
-722.78906,-732.26465,-732.15454,-731.96814,-731.7711
-708.22974,-712.8136,-712.6976,-722.31104,-707.4324
-688.79517,-693.3971,-688.39105,-693.1116,-692.9075
-615.5694,-629.94116,-634.7119,-644.3439,-644.09894
-566.78064,-571.3568,-576.16223,-580.91943,-590.41986
-488.66058,-493.2261,-493.16272,-493.04465,-492.7263
-435.02472,-434.6897,-434.61505,-434.52887,-434.18317
-391.12332,-395.69153,-395.58936,-395.55487,-395.13898
-386.37482,-390.94775,-390.79712,-390.8033,-385.4577
-381.62387,-381.2779,-381.11807,-381.16525,-380.6778
-386.6562,-381.4317,-376.3559,-376.41434,-385.70972
-386.82715,-386.46652,-386.29065,-386.3592,-385.84036
-377.137,-376.79987,-376.60425,-376.70355,-376.1692
-352.8015,-352.46365,-352.28406,-352.375,-351.83057
-362.72003,-362.37543,-362.17923,-362.31308,-361.73163
-357.97772,-362.5612,-357.43762,-362.48596,-361.89148
-367.90643,-367.57257,-372.24554,-367.53503,-371.82327
-397.37555,-397.06128,-401.73087,-397.03174,-396.38434
-417.07773,-416.76096,-416.57425,-406.98087,-416.06287
-417.22064,-421.8036,-421.60657,-421.82812,-421.0989
-407.623,-412.16498,-412.02277,-412.2124,-411.505
-393.1015,-392.7419,-397.5236,-397.70392,-396.96082
-383.4718,-388.0108,-383.0303,-388.0687,-382.48004
-383.65298,-388.17175,-388.06848,-388.23303,-387.5239
-378.93274,-373.6718,-378.4404,-378.64105,-377.9196
-413.3135,-412.96368,-417.73035,-413.0324,-417.21478
-408.57336,-413.15012,-412.98993,-413.19888,-407.5869
-403.8161,-403.531,-393.59793,-403.593,-397.97565
-384.43597,-384.15015,-383.9723,-384.20996,-383.4654
-384.6081,-394.12756,-393.93817,-394.20428,-383.64648
-365.1881,-369.84326,-374.53564,-369.93814,-373.99646
-350.65936,-355.3175,-355.16003,-355.42078,-354.59946
-321.45795,-321.24048,-325.9636,-321.3685,-325.40256
-306.9201,-306.74335,-306.5871,-297.06006,-305.9878
-316.85812,-336.25677,-331.21982,-341.20663,-340.3497
-341.44345,-346.20743,-346.07068,-346.25244,-335.60986
-336.71295,-336.5804,-336.4647,-331.75223,-330.90176
-336.86768,-336.73843,-336.6087,-331.9269,-335.95697
-341.89905,-341.8003,-341.65616,-341.91824,-341.03046
-337.1414,-332.17578,-336.9057,-337.2342,-331.39597
-342.1772,-342.08435,-341.93512,-342.28717,-341.3313
-322.7707,-322.67224,-322.5208,-318.00632,-317.02448
-318.03625,-317.92618,-312.9035,-318.14502,-312.27606
-313.33594,-313.1988,-313.07135,-313.42493,-312.4527
-318.33218,-318.22296,-318.08777,-313.55536,-312.59845
-313.56143,-313.476,-313.33365,-313.6739,-312.75485
-308.8013,-308.75543,-308.5593,-308.9223,-307.98688
-294.30566,-294.23242,-294.0517,-294.41537,-293.44556
-269.99347,-269.94525,-264.86188,-270.10876,-264.25717
-255.44899,-250.52698,-250.33405,-250.67418,-249.72775
-226.26152,-231.11961,-230.93037,-231.25897,-225.42268
-221.50006,-236.13538,-231.06517,-231.3971,-235.35416
-216.7665,-216.7543,-216.52686,-212.02184,-211.10602
-241.31987,-241.31406,-241.09908,-236.55354,-235.66917
-236.55432,-236.56894,-236.32477,-236.66736,-235.79912
-236.65915,-236.72949,-236.45752,-236.79271,-235.95367
-246.54106,-246.66199,-246.37773,-246.68486,-245.88625
-256.4689,-256.60092,-256.30145,-256.60638,-255.8308
-261.49008,-261.6257,-261.3537,-261.57718,-260.8662
-251.84747,-251.97092,-251.73174,-251.92957,-251.21791
-242.17964,-242.3078,-242.07932,-242.25917,-241.59503
-232.56357,-232.69937,-232.47087,-232.61797,-231.96014
-237.57751,-237.73029,-237.49443,-237.6204,-236.9892
-242.57413,-247.63818,-247.39677,-247.52155,-246.88904
-247.61726,-252.63629,-252.40805,-252.53743,-247.02736
-262.39566,-267.42374,-262.31656,-267.3487,-261.83258
-252.7589,-252.92273,-252.71509,-252.84346,-252.2354
-233.36087,-238.41214,-243.07397,-243.18756,-242.61996
-213.97615,-214.10718,-213.89738,-213.99303,-213.45557
-194.55524,-194.68094,-194.48175,-194.5586,-194.05511
-189.80725,-189.95769,-189.76082,-189.79059,-189.32626
-175.24277,-175.423,-175.2144,-175.21823,-174.7791
-165.5794,-160.87614,-165.54848,-165.53964,-165.09436
-180.34952,-180.52939,-180.34328,-180.3158,-179.84383
-170.67021,-170.86551,-170.71109,-170.62383,-170.2016
-161.05415,-161.23058,-161.09343,-160.95161,-160.59166
-166.0229,-166.21909,-166.05447,-165.89694,-165.58481
-239.39845,-244.49146,-244.33615,-244.17189,-243.8966
-229.73328,-229.9153,-229.80148,-229.6375,-224.46577
-234.73262,-230.06236,-239.69516,-229.78116,-229.49081
-229.94319,-239.92094,-244.68546,-239.63707,-244.26106
-215.35121,-215.57841,-225.2445,-225.09337,-229.70251
-161.68651,-161.93286,-171.58397,-171.4369,-171.15363
-137.35669,-137.58226,-137.46568,-137.3121,-137.04837
-137.49667,-127.92638,-127.82064,-127.64358,-127.384964
-152.22878,-142.67442,-147.46338,-142.37741,-142.12714
-152.30592,-132.98347,-147.57034,-137.5653,-142.22656
-152.41698,-152.61433,-152.57639,-152.31267,-152.07413
-152.54106,-147.8633,-147.8302,-147.54234,-147.33679
-157.48485,-133.29982,-133.25266,-128.08131,-132.767
-157.57584,-152.92763,-152.8961,-157.4776,-152.38359
-162.55708,-162.79404,-162.76472,-162.42053,-162.25352
-187.0548,-187.28569,-187.28781,-186.90552,-186.78148
-182.27573,-182.5043,-182.53268,-182.12517,-182.03008
-187.20982,-187.47934,-187.49825,-187.10725,-186.98903
-177.5334,-177.79753,-172.95282,-182.31862,-177.35452
-211.81354,-212.12442,-212.13554,-211.75342,-206.7749
-153.27798,-153.60428,-153.62389,-153.23383,-153.15633
-94.74257,-104.87245,-104.87348,-104.48807,-104.413185
-55.744755,-61.035477,-51.219173,-60.595974,-60.549248
-36.25474,-41.574005,-41.5579,-41.15533,-41.089973
-11.913165,-12.354968,-12.388212,-11.939877,-11.868986
-7.1474032,-7.5836554,-7.657131,-7.1619344,-7.124357
2.5442157,2.0779786,2.031138,2.5409245,2.5396805
2.4398925,1.9656785,1.9330056,2.4543216,2.451604
2.3618848,-37.212097,-37.229927,-7.3834486,2.3548505
-12.389366,-17.81494,-56.877663,-22.094046,-7.4913454
-71.09615,-8.190102,-91.20429,-31.943565,-75.953415
-66.29741,-37.580006,-81.55668,-56.452847,-80.94541
-129.85991,-52.34089,-125.600845,-76.04301,-105.43082
-173.87567,-57.320217,-140.34004,-120.05481,-90.86784
-198.36331,-111.14322,-184.39342,-100.6098,-47.04311
-242.38225,-135.6575,-262.59927,-129.967,-61.78969
-266.8909,-125.9826,-223.64378,-164.21272,-81.421455
-349.95084,-179.7963,-262.79855,-208.23154,-101.037056
-442.7769,-218.9595,-345.86707,-325.50174,-86.4489
-579.5636,-316.7323,-472.89572,-462.29953,-169.5189
-647.99384,-438.86426,-585.2413,-545.3553,-291.6283
-779.90295,-487.75906,-643.9021,-823.69934,-340.54114
-833.6537,-556.19666,-712.3327,-936.06866,-345.52606
-906.95703,-653.9139,-795.42175,-1150.9801,-467.674
-975.3689,-863.9024,-858.9783,-1180.3579,-555.6106
-1043.7728,-981.12354,-1073.8367,-1312.2456,-707.0007
-1092.664,-1083.7509,-917.7234,-1366.0105,-785.1748
-1122.0286,-1205.904,-1059.3702,-1492.9893,-858.4602
-1268.6008,-1328.0206,-1161.9868,-1546.7537,-912.2256
-1371.2017,-1489.17,-1254.799,-1654.197,-966.00824
-1473.7859,-1445.3075,-1328.1023,-1776.2886,-1034.4231
-1512.8951,-1596.6964,-1459.975,-1830.0684,-1054.0303
-1532.4833,-1748.0901,-1562.5564,-2069.3242,-1122.4514
-1600.9043,-1718.8721,-1543.1112,-1981.5286,-1078.5925
-1727.9032,-1757.9705,-1635.909,-1874.1833,-1342.271
-1874.443,-1762.9124,-1635.9792,-1869.3811,-1430.1982
-1903.8177,-1777.6064,-1743.4337,-1796.2231,-1420.4895
-1986.9133,-1680.0427,-1797.1814,-1913.4634,-1518.196
-2094.3752,-1772.8499,-1728.9009,-1903.742,-1713.5615
-2143.2466,-1772.8806,-1909.5742,-2069.8035,-1747.8054
-2094.4514,-2007.2278,-2031.6704,-2240.7642,-1825.9668
-2099.3608,-2129.3098,-2226.9639,-2475.187,-1801.5979
-2201.9177,-2392.9565,-2539.4336,-2431.331,-1977.4094
-2465.5566,-2846.9753,-2661.521,-2880.533,-2338.7358
-2553.476,-3325.397,-3247.3396,-3188.1584,-2685.4229
-2441.2239,-3535.3523,-3193.6836,-3427.4165,-2841.6897
-2529.166,-3589.1418,-3442.7046,-3783.855,-2914.9766
-2587.8315,-3955.302,-3535.496,-3935.2527,-3286.038
-2924.7222,-4092.0195,-3584.3503,-4106.1567,-3539.9333
-3041.9385,-4150.6367,-3682.0117,-4277.0635,-3637.5981
-3139.626,-4301.991,-3931.0085,-4433.3203,-3554.6465
-3134.7961,-4638.856,-4590.0713,-4950.8374,-3569.314
-3525.3716,-4941.5273,-5127.0615,-5165.669,-3740.1904
-3837.8516,-5419.9336,-5288.192,-5487.9062,-3691.404
-3901.3618,-5703.092,-5639.6816,-5712.5137,-3930.6416
-4028.3494,-5996.0317,-5717.81,-6073.8047,-4150.366
-4013.772,-6137.629,-5893.56,-6376.506,-4365.174
-4179.7803,-6201.0815,-5732.4863,-6347.2217,-4623.941
-4379.949,-6332.8955,-5849.644,-6552.289,-4794.8535
-4213.992,-6367.076,-5786.1924,-6732.9404,-4814.4062
-4375.152,-6464.722,-5971.706,-6869.673,-5302.61
-4375.169,-6572.1455,-5903.38,-7089.362,-5468.634
-4809.666,-6904.095,-6079.115,-7118.665,-5844.545
-4804.8022,-7265.32,-6391.537,-7201.658,-6127.705
-4941.5146,-7250.6816,-6523.3496,-7284.662,-6508.4766
-5317.3984,-7382.4717,-6743.0264,-7572.685,-6908.7866
-5307.659,-7538.6787,-6899.2373,-7558.036,-7250.506
-5790.956,-7855.9893,-7089.616,-7670.32,-7582.4775
-5927.6514,-7943.8574,-6957.8447,-7919.3003,-7836.3525
-5766.5845,-8197.695,-7343.484,-8207.321,-7968.1743
-5859.326,-8153.7725,-7206.8037,-8134.098,-8041.4077
-6054.598,-8192.82,-7582.672,-8290.328,-8256.209
-6332.8613,-8251.3955,-7812.092,-8524.659,-8539.347
-6371.9033,-8402.719,-7841.3794,-8627.184,-8715.095
-6391.4526,-8495.461,-7812.111,-8851.743,-9027.53
-6523.2607,-8309.965,-7836.5244,-8871.296,-9252.088
-6523.297,-8256.264,-7953.68,-8920.11,-9369.254
-6479.3975,-8309.965,-7939.0557,-8998.208,-9354.609
-6425.7256,-8329.506,-7987.871,-9076.301,-9315.561
-6381.796,-8671.219,-8383.273,-9378.984,-9549.881
-6479.4062,-8617.522,-8729.85,-9442.456,-9530.363
-6411.0913,-8895.785,-8900.693,-9642.621,-9696.34
-6503.8535,-9032.475,-9110.58,-9818.366,-9803.746
-6660.1025,-9213.096,-8983.673,-9920.891,-9857.441
-7001.7915,-9359.538,-9066.656,-9886.719,-9813.504
-7133.6094,-9374.194,-9315.618,-9950.187,-9906.252
-7270.3145,-9213.109,-9403.484,-9916.017,-9911.137
-7407.033,-9330.262,-9364.428,-9964.83,-9950.186
-7704.8354,-9481.588,-9349.789,-9940.422,-9964.83
-7924.513,-9486.479,-9427.889,-9964.83,-9964.828
-7836.651,-9418.143,-9491.348,-9979.475,-9979.474
-7690.2227,-9447.416,-9452.291,-9916.013,-9916.006
-7543.8047,-9496.227,-9623.135,-9964.83,-9964.828
-7656.074,-9588.973,-9471.81,-9959.948,-9955.066
-7621.8965,-9383.963,-9466.933,-9945.304,-9945.304
-7670.719,-9364.444,-9545.037,-9969.711,-9867.209
-7822.046,-9535.287,-9457.176,-9969.711,-9750.055
-7690.2534,-9481.592,-9447.404,-9896.484,-9344.901
-7519.3823,-9462.061,-9437.645,-9876.959,-9022.73
-7573.0527,-9491.355,-9515.754,-9891.605,-9052.01
-7748.7554,-9598.735,-9423.003,-9847.669,-9008.061
-7782.908,-9422.996,-9110.595,-9740.279,-8881.104
-7861.0,-9374.1875,-9071.531,-9706.113,-8846.943
-8085.5293,-9442.524,-9164.273,-9813.496,-8978.743
-8065.9814,-9422.991,-9115.453,-9779.323,-8842.037
-8070.8584,-9340.002,-9037.341,-9652.403,-8739.458
-8046.4277,-9227.734,-9012.933,-9618.229,-8666.227
-7943.8965,-9217.965,-8993.405,-9559.645,-8666.248
-8065.9404,-9281.43,-9051.99,-9667.039,-8763.873
-8212.383,-9217.98,-9012.937,-9686.568,-8729.713
-8353.965,-9320.48,-9086.156,-9764.676,-8939.609
-8422.293,-9276.543,-9125.197,-9769.56,-8929.846
-8436.93,-9178.916,-9105.668,-9735.394,-8993.302
-8363.699,-9017.832,-9071.5,-9735.391,-9003.066
-8402.739,-9037.354,-9022.682,-9706.095,-9061.652
-8475.955,-8959.25,-8993.395,-9740.262,-9125.11
-8554.058,-8929.961,-8964.105,-9740.261,-9193.448
-8680.963,-8993.414,-9042.203,-9715.842,-9286.208
-8656.556,-8788.399,-9032.441,-9681.672,-9271.566
-8846.918,-8832.325,-9076.372,-9720.725,-9183.699
-8812.762,-8861.613,-9042.209,-9603.57,-9144.652
-8812.766,-8807.922,-8973.863,-9608.445,-9105.6
-8798.117,-8895.779,-8939.691,-9652.385,-9012.842
-8866.468,-8861.604,-8817.652,-9613.34,-8939.609
-9008.045,-8846.972,-8876.234,-9559.645,-8778.507
-9276.533,-8920.189,-8939.691,-9598.696,-8778.516
-9447.386,-8900.666,-8954.342,-9530.356,-8885.925
-9471.793,-8925.072,-8978.754,-9447.373,-8959.158
-9476.682,-9003.172,-9081.268,-9447.372,-9047.04
-9603.6,-9149.616,-9242.36,-9496.182,-9217.907
-9642.651,-9286.305,-9379.047,-9530.3545,-9364.355
-9706.121,-9476.687,-9491.328,-9686.567,-9471.76
-9872.08,-9828.15,-9852.558,-9662.158,-9579.162
-9999.0,-9999.0,-9999.0,-9706.091,-9657.273
-9999.0,-9999.0,-9999.0,-9969.709,-9969.709
-9999.0,-9999.0,-9999.0,-9999.0,-9999.0
-9999.0,-9999.0,-9999.0,-9999.0,-9999.0
-9999.0,-9999.0,-9999.0,-9999.0,-9999.0
-9999.0,-9999.0,-9999.0,-9999.0,-9999.0
-9999.0,-9999.0,-9999.0,-9999.0,-9999.0
-9999.0,-9999.0,-9999.0,-9999.0,-9999.0
-9999.0,-9999.0,-9999.0,-9999.0,-9999.0
-9999.0,-9999.0,-9999.0,-9999.0,-9999.0
-9999.0,-9999.0,-9999.0,-9999.0,-9999.0
-9999.0,-9999.0,-9999.0,-9999.0,-9999.0
-9999.0,-9999.0,-9999.0,-9999.0,-9999.0
-9999.0,-9999.0,-9999.0,-9999.0,-9999.0
-9999.0,-9999.0,-9999.0,-9999.0,-9999.0
-9999.0,-9999.0,-9999.0,-9999.0,-9999.0
-9999.0,-9999.0,-9999.0,-9999.0,-9999.0
-9999.0,-9999.0,-9999.0,-9999.0,-9999.0
-9999.0,-9999.0,-9999.0,-9999.0,-9999.0
-9999.0,-9999.0,-9999.0,-9999.0,-9999.0
-9999.0,-9999.0,-9999.0,-9999.0,-9999.0
-9999.0,-9999.0,-9999.0,-9999.0,-9999.0
-9999.0,-9999.0,-9999.0,-9999.0,-9999.0
-9999.0,-9999.0,-9999.0,-9999.0,-9999.0
-9999.0,-9999.0,-9999.0,-9999.0,-9999.0
-9999.0,-9999.0,-9999.0,-9999.0,-9999.0
-9999.0,-9999.0,-9999.0,-9999.0,-9999.0
-9999.0,-9999.0,-9999.0,-9999.0,-9999.0
-9999.0,-9999.0,-9999.0,-9999.0,-9999.0
-9999.0,-9999.0,-9999.0,-9999.0,-9999.0
-9999.0,-9999.0,-9999.0,-9999.0,-9999.0
-9999.0,-9999.0,-9999.0,-9999.0,-9999.0
-9999.0,-9999.0,-9999.0,-9999.0,-9999.0
-9999.0,-9999.0,-9999.0,-9999.0,-9999.0
-9999.0,-9999.0,-9999.0,-9999.0,-9999.0
-9999.0,-9999.0,-9999.0,-9999.0,-9999.0
-9999.0,-9999.0,-9999.0,-9999.0,-9999.0
-9999.0,-9999.0,-9999.0,-9999.0,-9999.0
-9999.0,-9999.0,-9999.0,-9999.0,-9999.0
-9999.0,-9999.0,-9999.0,-9999.0,-9999.0
-9999.0,-9999.0,-9999.0,-9999.0,-9999.0
-9999.0,-9999.0,-9999.0,-9999.0,-9999.0
-9999.0,-9999.0,-9999.0,-9999.0,-9999.0
-9999.0,-9999.0,-9999.0,-9999.0,-9999.0
-9999.0,-9999.0,-9999.0,-9999.0,-9999.0
-9999.0,-9999.0,-9999.0,-9999.0,-9999.0
-9999.0,-9999.0,-9999.0,-9999.0,-9999.0
-9999.0,-9999.0,-9999.0,-9999.0,-9999.0
-9999.0,-9999.0,-9999.0,-9999.0,-9999.0
-9999.0,-9999.0,-9999.0,-9999.0,-9999.0
-9999.0,-9999.0,-9999.0,-9999.0,-9999.0
-9999.0,-9999.0,-9999.0,-9999.0,-9999.0
-9999.0,-9999.0,-9999.0,-9999.0,-9999.0
-9999.0,-9999.0,-9999.0,-9999.0,-9999.0
-9999.0,-9999.0,-9999.0,-9999.0,-9999.0
-9999.0,-9999.0,-9999.0,-9999.0,-9999.0
-9999.0,-9999.0,-9999.0,-9999.0,-9999.0
-9999.0,-9999.0,-9999.0,-9999.0,-9999.0
-9999.0,-9999.0,-9999.0,-9999.0,-9999.0
-9999.0,-9999.0,-9999.0,-9999.0,-9999.0
-9999.0,-9999.0,-9999.0,-9999.0,-9999.0
-9999.0,-9999.0,-9999.0,-9999.0,-9999.0
-9999.0,-9999.0,-9999.0,-9999.0,-9999.0
-9999.0,-9999.0,-9999.0,-9999.0,-9999.0
-9999.0,-9999.0,-9999.0,-9999.0,-9999.0
-9999.0,-9999.0,-9999.0,-9999.0,-9999.0
-9999.0,-9999.0,-9999.0,-9999.0,-9999.0
