Lat,Long,Depth,Cr_nmol/kg,Year,yearly_mean_mld
50.0,-145.0,10.0,2.585365853658537,1997,46.03057
50.0,-145.0,10.0,2.585365853658537,1997,46.03057
50.0,-145.0,10.0,2.585365853658537,1997,46.03057
50.0,-145.0,10.0,2.585365853658537,1997,46.03057
50.0,-145.0,10.0,2.585365853658537,1997,46.03057
50.0,-145.0,10.0,2.585365853658537,1997,46.03057
50.0,-145.0,10.0,2.585365853658537,1997,46.03057
50.0,-145.0,10.0,2.585365853658537,1997,46.03057
50.0,-145.0,10.0,2.585365853658537,1997,46.03057
50.0,-145.0,10.0,2.585365853658537,1997,46.03057
50.0,-145.0,10.0,2.585365853658537,1997,46.03057
50.0,-145.0,10.0,2.585365853658537,1997,46.03057
50.0,-145.0,10.0,2.585365853658537,1997,46.03057
50.0,-145.0,10.0,2.585365853658537,1997,46.03057
50.0,-145.0,10.0,2.585365853658537,1997,46.03057
50.0,-145.0,10.0,2.585365853658537,1997,46.03057
50.0,-145.0,10.0,2.585365853658537,1997,46.03057
50.0,-145.0,10.0,2.585365853658537,1997,46.03057
50.0,-145.0,10.0,2.585365853658537,1997,46.03057
50.0,-145.0,10.0,2.585365853658537,1997,46.03057
15.0,-107.0,20.0,3.041,1997,23.618824
15.0,-107.0,20.0,3.041,1997,23.618824
15.0,-107.0,20.0,3.041,1997,23.618824
15.0,-107.0,20.0,3.041,1997,23.618824
15.0,-107.0,20.0,3.041,1997,23.618824
15.0,-107.0,20.0,3.041,1997,23.618824
15.0,-107.0,20.0,3.041,1997,23.618824
15.0,-107.0,20.0,3.041,1997,23.618824
15.0,-107.0,20.0,3.041,1997,23.618824
15.0,-107.0,20.0,3.041,1997,23.618824
15.0,-107.0,20.0,3.041,1997,23.618824
15.0,-107.0,20.0,3.041,1997,23.618824
15.0,-107.0,20.0,3.041,1997,23.618824
15.0,-107.0,20.0,3.041,1997,23.618824
15.0,-107.0,20.0,3.041,1997,23.618824
15.0,-107.0,20.0,3.041,1997,23.618824
15.0,-107.0,20.0,3.041,1997,23.618824
15.0,-107.0,20.0,3.041,1997,23.618824
15.0,-107.0,20.0,3.041,1997,23.618824
15.0,-107.0,20.0,3.041,1997,23.618824
15.0,-107.0,20.0,3.041,1997,23.618824
15.0,-107.0,20.0,3.041,1997,23.618824
15.0,-107.0,20.0,3.041,1997,23.618824
15.0,-107.0,20.0,3.041,1997,23.618824
15.0,-107.0,20.0,3.041,1997,23.618824
30.0,-140.0,0.0,3.16,2019,42.769833
30.0,-140.0,0.0,3.16,2019,42.769833
30.0,-140.0,0.0,3.16,2019,42.769833
30.0,-140.0,0.0,3.16,2019,42.769833
30.0,-140.0,0.0,3.16,2019,42.769833
30.0,-140.0,0.0,3.16,2019,42.769833
30.0,-140.0,0.0,3.16,2019,42.769833
30.0,-140.0,0.0,3.16,2019,42.769833
30.0,-140.0,0.0,3.16,2019,42.769833
30.0,-140.0,0.0,3.16,2019,42.769833
30.0,-140.0,0.0,3.16,2019,42.769833
30.0,-140.0,0.0,3.16,2019,42.769833
30.0,-140.0,0.0,3.16,2019,42.769833
30.0,-140.0,25.0,3.17,2019,42.769833
30.0,-140.0,25.0,3.17,2019,42.769833
30.0,-140.0,25.0,3.17,2019,42.769833
30.0,-140.0,25.0,3.17,2019,42.769833
30.0,-140.0,25.0,3.17,2019,42.769833
30.0,-140.0,25.0,3.17,2019,42.769833
30.0,-140.0,25.0,3.17,2019,42.769833
30.0,-140.0,25.0,3.17,2019,42.769833
30.0,-140.0,25.0,3.17,2019,42.769833
30.0,-140.0,25.0,3.17,2019,42.769833
30.0,-140.0,25.0,3.17,2019,42.769833
30.0,-140.0,25.0,3.17,2019,42.769833
30.0,-140.0,25.0,3.17,2019,42.769833
46.0,-158.0,10.0,3.08,2020,41.787464
46.0,-158.0,10.0,3.08,2020,41.787464
46.0,-158.0,10.0,3.08,2020,41.787464
46.0,-158.0,10.0,3.08,2020,41.787464
46.0,-158.0,10.0,3.08,2020,41.787464
46.0,-158.0,10.0,3.08,2020,41.787464
46.0,-158.0,10.0,3.08,2020,41.787464
46.0,-158.0,30.0,3.1,2020,41.787464
46.0,-158.0,30.0,3.1,2020,41.787464
46.0,-158.0,30.0,3.1,2020,41.787464
46.0,-158.0,30.0,3.1,2020,41.787464
46.0,-158.0,30.0,3.1,2020,41.787464
46.0,-158.0,30.0,3.1,2020,41.787464
46.0,-158.0,30.0,3.1,2020,41.787464
34.0,-158.0,10.0,3.02,2020,33.813385
34.0,-158.0,10.0,3.02,2020,33.813385
34.0,-158.0,10.0,3.02,2020,33.813385
34.0,-158.0,10.0,3.02,2020,33.813385
34.0,-158.0,10.0,3.02,2020,33.813385
34.0,-158.0,10.0,3.02,2020,33.813385
34.0,-158.0,10.0,3.02,2020,33.813385
34.0,-158.0,10.0,3.02,2020,33.813385
34.0,-158.0,10.0,3.02,2020,33.813385
34.0,-158.0,10.0,3.02,2020,33.813385
34.0,-158.0,10.0,3.02,2020,33.813385
34.0,-158.0,10.0,3.02,2020,33.813385
34.0,-158.0,30.0,3.01,2020,33.813385
34.0,-158.0,30.0,3.01,2020,33.813385
34.0,-158.0,30.0,3.01,2020,33.813385
34.0,-158.0,30.0,3.01,2020,33.813385
34.0,-158.0,30.0,3.01,2020,33.813385
34.0,-158.0,30.0,3.01,2020,33.813385
34.0,-158.0,30.0,3.01,2020,33.813385
34.0,-158.0,30.0,3.01,2020,33.813385
34.0,-158.0,30.0,3.01,2020,33.813385
34.0,-158.0,30.0,3.01,2020,33.813385
34.0,-158.0,30.0,3.01,2020,33.813385
34.0,-158.0,30.0,3.01,2020,33.813385
18.9,-108.8,5.0,2.78,2020,16.89972
18.9,-108.8,5.0,2.78,2020,16.89972
18.9,-108.8,5.0,2.78,2020,16.89972
18.9,-108.8,5.0,2.78,2020,16.89972
18.9,-108.8,5.0,2.78,2020,16.89972
18.9,-108.8,5.0,2.78,2020,16.89972
18.9,-108.8,5.0,2.78,2020,16.89972
18.9,-108.8,5.0,2.78,2020,16.89972
18.9,-108.8,5.0,2.78,2020,16.89972
18.2,-104.2,5.0,2.84,2020,13.989617
18.2,-104.2,5.0,2.84,2020,13.989617
18.2,-104.2,5.0,2.84,2020,13.989617
18.2,-104.2,5.0,2.84,2020,13.989617
18.2,-104.2,5.0,2.84,2020,13.989617
18.2,-104.2,5.0,2.84,2020,13.989617
18.2,-104.2,5.0,2.84,2020,13.989617
18.2,-104.2,5.0,2.84,2020,13.989617
34.23,-120.03,15.0,3.06,2020,16.293444
34.23,-120.03,15.0,3.06,2020,16.293444
34.23,-120.03,15.0,3.06,2020,16.293444
34.23,-120.03,15.0,3.06,2020,16.293444
34.23,-120.03,15.0,3.06,2020,16.293444
34.23,-120.03,15.0,3.06,2020,16.293444
34.23,-120.03,15.0,3.06,2020,16.293444
34.23,-120.03,15.0,3.06,2020,16.293444
-9.922,-80.224,2.0,2.94,2020,24.849745
-9.922,-80.224,2.0,2.94,2020,24.849745
-9.922,-80.224,2.0,2.94,2020,24.849745
-12.363,-77.0,2.0,2.14,2020,12.299928
-12.363,-77.0,2.0,2.14,2020,12.299928
-13.666,-76.785,3.0,2.55,2020,15.0532675
-13.666,-76.785,3.0,2.55,2020,15.0532675
-13.666,-76.785,3.0,2.55,2020,15.0532675
-15.999,-76.998,8.0,2.93,2020,26.001734
-15.999,-76.998,8.0,2.93,2020,26.001734
-15.999,-76.998,8.0,2.93,2020,26.001734
-15.999,-76.998,8.0,2.93,2020,26.001734
-16.819,-72.841,2.0,2.91,2020,11.825213
-16.819,-72.841,2.0,2.91,2020,11.825213
-16.819,-72.841,2.0,2.91,2020,11.825213
-9.0,-85.833,2.0,2.96,2020,23.899622
-9.0,-85.833,2.0,2.96,2020,23.899622
-9.0,-85.833,2.0,2.96,2020,23.899622
-9.0,-85.833,2.0,2.96,2020,23.899622
-9.0,-85.833,2.0,2.96,2020,23.899622
-9.0,-85.833,2.0,2.96,2020,23.899622
-9.0,-85.833,2.0,2.96,2020,23.899622
-3.583,-85.833,2.0,3.04,2020,15.802518
-3.583,-85.833,2.0,3.04,2020,15.802518
-3.583,-85.833,2.0,3.04,2020,15.802518
-3.583,-85.833,2.0,3.04,2020,15.802518
-3.583,-85.833,2.0,3.04,2020,15.802518
-3.583,-85.833,2.0,3.04,2020,15.802518
-8.0,-79.845,1.0,2.31,2020,20.224606
-8.0,-79.845,1.0,2.31,2020,20.224606
-8.0,-79.845,1.0,2.31,2020,20.224606
-10.001,-78.38,2.0,2.57,2020,20.962767
-10.001,-78.38,2.0,2.57,2020,20.962767
-10.001,-78.38,2.0,2.57,2020,20.962767
-9.999,-79.134,3.0,2.53,2020,22.527735
-9.999,-79.134,3.0,2.53,2020,22.527735
-9.999,-79.134,3.0,2.53,2020,22.527735
-9.999,-79.134,3.0,2.53,2020,22.527735
-9.999,-79.134,3.0,2.53,2020,22.527735
20.0,-106.0,10.0,2.83,2021,13.072295
20.0,-106.0,10.0,2.83,2021,13.072295
20.0,-106.0,10.0,2.83,2021,13.072295
20.0,-106.0,10.0,2.83,2021,13.072295
20.0,-106.0,10.0,2.83,2021,13.072295
20.0,-106.0,10.0,2.83,2021,13.072295
20.0,-106.0,10.0,2.83,2021,13.072295
20.0,-106.0,10.0,2.83,2021,13.072295
20.0,-106.0,10.0,2.83,2021,13.072295
20.0,-106.0,10.0,2.83,2021,13.072295
20.0,-106.0,10.0,2.83,2021,13.072295
20.0,-106.0,10.0,2.83,2021,13.072295
20.0,-106.0,10.0,2.83,2021,13.072295
20.9,-108.0,10.0,2.72,2021,17.055647
20.9,-108.0,10.0,2.72,2021,17.055647
20.9,-108.0,10.0,2.72,2021,17.055647
20.9,-108.0,10.0,2.72,2021,17.055647
20.9,-108.0,10.0,2.72,2021,17.055647
20.9,-108.0,10.0,2.72,2021,17.055647
20.9,-108.0,10.0,2.72,2021,17.055647
20.9,-108.0,10.0,2.72,2021,17.055647
-40.4,153.9,15.0,3.063664874778679,2021,58.152786
-40.4,153.9,15.0,3.063664874778679,2021,58.152786
-40.4,153.9,15.0,3.063664874778679,2021,58.152786
-40.4,153.9,15.0,3.063664874778679,2021,58.152786
-40.4,153.9,15.0,3.063664874778679,2021,58.152786
-40.4,153.9,15.0,3.063664874778679,2021,58.152786
-40.4,153.9,15.0,3.063664874778679,2021,58.152786
-40.4,153.9,15.0,3.063664874778679,2021,58.152786
-40.4,153.9,15.0,3.063664874778679,2021,58.152786
-40.4,153.9,15.0,3.063664874778679,2021,58.152786
-40.4,153.9,15.0,3.063664874778679,2021,58.152786
-40.4,153.9,15.0,3.063664874778679,2021,58.152786
-40.4,153.9,40.0,2.94786382501258,2021,58.152786
-40.4,153.9,40.0,2.94786382501258,2021,58.152786
-40.4,153.9,40.0,2.94786382501258,2021,58.152786
-40.4,153.9,40.0,2.94786382501258,2021,58.152786
-40.4,153.9,40.0,2.94786382501258,2021,58.152786
-40.4,153.9,40.0,2.94786382501258,2021,58.152786
-40.4,153.9,40.0,2.94786382501258,2021,58.152786
-40.4,153.9,40.0,2.94786382501258,2021,58.152786
-40.4,153.9,40.0,2.94786382501258,2021,58.152786
-40.4,153.9,40.0,2.94786382501258,2021,58.152786
-40.4,153.9,40.0,2.94786382501258,2021,58.152786
-40.4,153.9,40.0,2.94786382501258,2021,58.152786
-34.67,154.55,15.0,2.956202188107611,2021,49.22585
-34.67,154.55,15.0,2.956202188107611,2021,49.22585
-34.67,154.55,15.0,2.956202188107611,2021,49.22585
-34.67,154.55,15.0,2.956202188107611,2021,49.22585
-34.67,154.55,15.0,2.956202188107611,2021,49.22585
-34.67,154.55,15.0,2.956202188107611,2021,49.22585
-34.67,154.55,15.0,2.956202188107611,2021,49.22585
-34.67,154.55,15.0,2.956202188107611,2021,49.22585
-34.67,154.55,15.0,2.956202188107611,2021,49.22585
-34.67,154.55,15.0,2.956202188107611,2021,49.22585
-34.67,154.55,15.0,2.956202188107611,2021,49.22585
-34.67,154.55,15.0,2.956202188107611,2021,49.22585
-34.67,154.55,15.0,2.956202188107611,2021,49.22585
-34.67,154.55,15.0,2.956202188107611,2021,49.22585
-34.67,154.55,15.0,2.956202188107611,2021,49.22585
-34.67,154.55,15.0,2.956202188107611,2021,49.22585
-34.67,154.55,15.0,2.956202188107611,2021,49.22585
-34.67,154.55,15.0,2.956202188107611,2021,49.22585
-34.67,154.55,40.0,3.02711231551348,2021,49.22585
-34.67,154.55,40.0,3.02711231551348,2021,49.22585
-34.67,154.55,40.0,3.02711231551348,2021,49.22585
-34.67,154.55,40.0,3.02711231551348,2021,49.22585
-34.67,154.55,40.0,3.02711231551348,2021,49.22585
-34.67,154.55,40.0,3.02711231551348,2021,49.22585
-34.67,154.55,40.0,3.02711231551348,2021,49.22585
-34.67,154.55,40.0,3.02711231551348,2021,49.22585
-34.67,154.55,40.0,3.02711231551348,2021,49.22585
-34.67,154.55,40.0,3.02711231551348,2021,49.22585
-34.67,154.55,40.0,3.02711231551348,2021,49.22585
-34.67,154.55,40.0,3.02711231551348,2021,49.22585
-34.67,154.55,40.0,3.02711231551348,2021,49.22585
-34.67,154.55,40.0,3.02711231551348,2021,49.22585
-34.67,154.55,40.0,3.02711231551348,2021,49.22585
-34.67,154.55,40.0,3.02711231551348,2021,49.22585
-34.67,154.55,40.0,3.02711231551348,2021,49.22585
-34.67,154.55,40.0,3.02711231551348,2021,49.22585
-30.0,155.0,15.0,3.187077780064974,2023,48.94586
-30.0,155.0,15.0,3.187077780064974,2023,48.94586
-30.0,155.0,15.0,3.187077780064974,2023,48.94586
-30.0,155.0,15.0,3.187077780064974,2023,48.94586
-30.0,155.0,15.0,3.187077780064974,2023,48.94586
-30.0,155.0,15.0,3.187077780064974,2023,48.94586
-30.0,155.0,15.0,3.187077780064974,2023,48.94586
-30.0,160.0,15.0,3.151050651243643,2023,44.353516
-30.0,160.0,15.0,3.151050651243643,2023,44.353516
-30.0,160.0,15.0,3.151050651243643,2023,44.353516
-30.0,160.0,15.0,3.151050651243643,2023,44.353516
-30.0,160.0,15.0,3.151050651243643,2023,44.353516
-30.0,160.0,15.0,3.151050651243643,2023,44.353516
-30.0,160.0,15.0,3.151050651243643,2023,44.353516
-30.0,160.0,15.0,3.151050651243643,2023,44.353516
-30.0,160.0,15.0,3.151050651243643,2023,44.353516
-30.0,160.0,30.0,2.941742199754607,2023,44.353516
-30.0,160.0,30.0,2.941742199754607,2023,44.353516
-30.0,160.0,30.0,2.941742199754607,2023,44.353516
-30.0,160.0,30.0,2.941742199754607,2023,44.353516
-30.0,160.0,30.0,2.941742199754607,2023,44.353516
-30.0,160.0,30.0,2.941742199754607,2023,44.353516
-30.0,160.0,30.0,2.941742199754607,2023,44.353516
-30.0,160.0,30.0,2.941742199754607,2023,44.353516
-30.0,160.0,30.0,2.941742199754607,2023,44.353516
-30.0,165.0,15.0,2.963900979736107,2023,51.222836
-30.0,165.0,15.0,2.963900979736107,2023,51.222836
-30.0,165.0,15.0,2.963900979736107,2023,51.222836
-30.0,165.0,15.0,2.963900979736107,2023,51.222836
-30.0,165.0,15.0,2.963900979736107,2023,51.222836
-30.0,165.0,15.0,2.963900979736107,2023,51.222836
-30.0,165.0,15.0,2.963900979736107,2023,51.222836
-30.0,165.0,15.0,2.963900979736107,2023,51.222836
-30.0,165.0,15.0,2.963900979736107,2023,51.222836
-30.0,165.0,50.0,3.144793325435171,2023,51.222836
-30.0,165.0,50.0,3.144793325435171,2023,51.222836
-30.0,165.0,50.0,3.144793325435171,2023,51.222836
-30.0,165.0,50.0,3.144793325435171,2023,51.222836
-30.0,165.0,50.0,3.144793325435171,2023,51.222836
-30.0,165.0,50.0,3.144793325435171,2023,51.222836
-30.0,165.0,50.0,3.144793325435171,2023,51.222836
-30.0,165.0,50.0,3.144793325435171,2023,51.222836
-30.0,165.0,50.0,3.144793325435171,2023,51.222836
-30.0,170.0,15.0,3.058628968019961,2023,47.3331
-30.0,170.0,15.0,3.058628968019961,2023,47.3331
-30.0,170.0,15.0,3.058628968019961,2023,47.3331
-30.0,170.0,15.0,3.058628968019961,2023,47.3331
-30.0,170.0,15.0,3.058628968019961,2023,47.3331
-30.0,170.0,15.0,3.058628968019961,2023,47.3331
-30.0,170.0,15.0,3.058628968019961,2023,47.3331
-30.0,175.0,15.0,3.217269183946679,2023,37.654106
-30.0,175.0,15.0,3.217269183946679,2023,37.654106
-30.0,175.0,15.0,3.217269183946679,2023,37.654106
-30.0,175.0,15.0,3.217269183946679,2023,37.654106
-30.0,175.0,15.0,3.217269183946679,2023,37.654106
-30.0,175.0,15.0,3.217269183946679,2023,37.654106
-32.5,180.0,15.0,3.148877485677293,2023,42.71426
-32.5,180.0,15.0,3.148877485677293,2023,42.71426
-32.5,180.0,15.0,3.148877485677293,2023,42.71426
-32.5,180.0,15.0,3.148877485677293,2023,42.71426
-32.5,180.0,15.0,3.148877485677293,2023,42.71426
-32.5,180.0,15.0,3.148877485677293,2023,42.71426
-12.01,-79.2,3.0,2.70594490505281,2021,28.945246
-12.01,-79.2,3.0,2.70594490505281,2021,28.945246
-12.01,-79.2,3.0,2.70594490505281,2021,28.945246
-12.01,-79.2,3.0,2.70594490505281,2021,28.945246
-12.01,-79.2,3.0,2.70594490505281,2021,28.945246
-12.01,-79.2,3.0,2.70594490505281,2021,28.945246
-12.01,-79.2,3.0,2.70594490505281,2021,28.945246
-12.01,-79.2,3.0,2.70594490505281,2021,28.945246
-12.01,-79.2,3.0,2.70594490505281,2021,28.945246
-12.01,-79.2,3.0,2.70594490505281,2021,28.945246
-12.01,-79.2,3.0,2.70594490505281,2021,28.945246
-12.01,-79.2,3.0,2.70594490505281,2021,28.945246
-12.01,-79.2,3.0,2.70594490505281,2021,28.945246
-12.01,-79.2,3.0,2.70594490505281,2021,28.945246
-12.01,-79.2,3.0,2.70594490505281,2021,28.945246
-12.01,-79.2,3.0,2.70594490505281,2021,28.945246
-12.01,-79.2,3.0,2.70594490505281,2021,28.945246
-12.01,-79.2,3.0,2.70594490505281,2021,28.945246
-12.01,-79.2,3.0,2.70594490505281,2021,28.945246
-12.01,-79.2,3.0,2.70594490505281,2021,28.945246
-12.01,-79.2,3.0,2.70594490505281,2021,28.945246
-12.01,-79.2,3.0,2.70594490505281,2021,28.945246
-12.01,-79.2,3.0,2.70594490505281,2021,28.945246
-12.01,-79.2,19.7,2.740283568150923,2021,28.945246
-12.01,-79.2,19.7,2.740283568150923,2021,28.945246
-12.01,-79.2,19.7,2.740283568150923,2021,28.945246
-12.01,-79.2,19.7,2.740283568150923,2021,28.945246
-12.01,-79.2,19.7,2.740283568150923,2021,28.945246
-12.01,-79.2,19.7,2.740283568150923,2021,28.945246
-12.01,-79.2,19.7,2.740283568150923,2021,28.945246
-12.01,-79.2,19.7,2.740283568150923,2021,28.945246
-12.01,-79.2,19.7,2.740283568150923,2021,28.945246
-12.01,-79.2,19.7,2.740283568150923,2021,28.945246
-12.01,-79.2,19.7,2.740283568150923,2021,28.945246
-12.01,-79.2,19.7,2.740283568150923,2021,28.945246
-12.01,-79.2,19.7,2.740283568150923,2021,28.945246
-12.01,-79.2,19.7,2.740283568150923,2021,28.945246
-12.01,-79.2,19.7,2.740283568150923,2021,28.945246
-12.01,-79.2,19.7,2.740283568150923,2021,28.945246
-12.01,-79.2,19.7,2.740283568150923,2021,28.945246
-12.01,-79.2,19.7,2.740283568150923,2021,28.945246
-12.01,-79.2,19.7,2.740283568150923,2021,28.945246
-12.01,-79.2,19.7,2.740283568150923,2021,28.945246
-12.01,-79.2,19.7,2.740283568150923,2021,28.945246
-12.01,-79.2,19.7,2.740283568150923,2021,28.945246
-12.01,-79.2,19.7,2.740283568150923,2021,28.945246
-12.01,-79.2,28.6,2.743222280741704,2021,28.945246
-12.01,-79.2,28.6,2.743222280741704,2021,28.945246
-12.01,-79.2,28.6,2.743222280741704,2021,28.945246
-12.01,-79.2,28.6,2.743222280741704,2021,28.945246
-12.01,-79.2,28.6,2.743222280741704,2021,28.945246
-12.01,-79.2,28.6,2.743222280741704,2021,28.945246
-12.01,-79.2,28.6,2.743222280741704,2021,28.945246
-12.01,-79.2,28.6,2.743222280741704,2021,28.945246
-12.01,-79.2,28.6,2.743222280741704,2021,28.945246
-12.01,-79.2,28.6,2.743222280741704,2021,28.945246
-12.01,-79.2,28.6,2.743222280741704,2021,28.945246
-12.01,-79.2,28.6,2.743222280741704,2021,28.945246
-12.01,-79.2,28.6,2.743222280741704,2021,28.945246
-12.01,-79.2,28.6,2.743222280741704,2021,28.945246
-12.01,-79.2,28.6,2.743222280741704,2021,28.945246
-12.01,-79.2,28.6,2.743222280741704,2021,28.945246
-12.01,-79.2,28.6,2.743222280741704,2021,28.945246
-12.01,-79.2,28.6,2.743222280741704,2021,28.945246
-12.01,-79.2,28.6,2.743222280741704,2021,28.945246
-12.01,-79.2,28.6,2.743222280741704,2021,28.945246
-12.01,-79.2,28.6,2.743222280741704,2021,28.945246
-12.01,-79.2,28.6,2.743222280741704,2021,28.945246
-12.01,-79.2,28.6,2.743222280741704,2021,28.945246
-12.0471,-77.4325,3.5,2.342040085557373,2021,13.4535265
-12.0446,-77.7099,3.5,2.525425829219805,2021,19.916567
-12.0481,-78.3143,2.5,2.633326026071368,2021,30.03082
-11.9999,-84.0,3.4,2.949834889072026,2021,31.26674
-11.9999,-84.0,3.4,2.949834889072026,2021,31.26674
-11.9999,-84.0,3.4,2.949834889072026,2021,31.26674
-11.9999,-84.0,3.4,2.949834889072026,2021,31.26674
-11.9999,-84.0,3.4,2.949834889072026,2021,31.26674
-11.9999,-84.0,3.4,2.949834889072026,2021,31.26674
-11.9999,-84.0,3.4,2.949834889072026,2021,31.26674
-11.9999,-84.0,3.4,2.949834889072026,2021,31.26674
-11.9999,-84.0,3.4,2.949834889072026,2021,31.26674
-11.9999,-84.0,3.4,2.949834889072026,2021,31.26674
-11.9999,-84.0,3.4,2.949834889072026,2021,31.26674
-11.9999,-84.0,3.4,2.949834889072026,2021,31.26674
-11.9999,-84.0,3.4,2.949834889072026,2021,31.26674
-11.9999,-84.0,3.4,2.949834889072026,2021,31.26674
-11.9999,-84.0,3.4,2.949834889072026,2021,31.26674
-11.9999,-84.0,19.5,2.941378813574616,2021,31.26674
-11.9999,-84.0,19.5,2.941378813574616,2021,31.26674
-11.9999,-84.0,19.5,2.941378813574616,2021,31.26674
-11.9999,-84.0,19.5,2.941378813574616,2021,31.26674
-11.9999,-84.0,19.5,2.941378813574616,2021,31.26674
-11.9999,-84.0,19.5,2.941378813574616,2021,31.26674
-11.9999,-84.0,19.5,2.941378813574616,2021,31.26674
-11.9999,-84.0,19.5,2.941378813574616,2021,31.26674
-11.9999,-84.0,19.5,2.941378813574616,2021,31.26674
-11.9999,-84.0,19.5,2.941378813574616,2021,31.26674
-11.9999,-84.0,19.5,2.941378813574616,2021,31.26674
-11.9999,-84.0,19.5,2.941378813574616,2021,31.26674
-11.9999,-84.0,19.5,2.941378813574616,2021,31.26674
-11.9999,-84.0,19.5,2.941378813574616,2021,31.26674
-11.9999,-84.0,19.5,2.941378813574616,2021,31.26674
-14.0,-99.0,3.5,2.997391754974763,2021,54.055267
-14.0,-99.0,3.5,2.997391754974763,2021,54.055267
-14.0,-99.0,3.5,2.997391754974763,2021,54.055267
-14.0,-99.0,3.5,2.997391754974763,2021,54.055267
-14.0,-99.0,3.5,2.997391754974763,2021,54.055267
-14.0,-99.0,3.5,2.997391754974763,2021,54.055267
-14.0,-99.0,3.5,2.997391754974763,2021,54.055267
-14.0,-99.0,3.5,2.997391754974763,2021,54.055267
-14.0,-99.0,3.5,2.997391754974763,2021,54.055267
-14.0,-99.0,3.5,2.997391754974763,2021,54.055267
-14.0,-99.0,3.5,2.997391754974763,2021,54.055267
-14.0,-99.0,3.5,2.997391754974763,2021,54.055267
-14.0,-99.0,3.5,2.997391754974763,2021,54.055267
-14.0,-99.0,3.5,2.997391754974763,2021,54.055267
-14.0,-99.0,19.4,2.999315788334604,2021,54.055267
-14.0,-99.0,19.4,2.999315788334604,2021,54.055267
-14.0,-99.0,19.4,2.999315788334604,2021,54.055267
-14.0,-99.0,19.4,2.999315788334604,2021,54.055267
-14.0,-99.0,19.4,2.999315788334604,2021,54.055267
-14.0,-99.0,19.4,2.999315788334604,2021,54.055267
-14.0,-99.0,19.4,2.999315788334604,2021,54.055267
-14.0,-99.0,19.4,2.999315788334604,2021,54.055267
-14.0,-99.0,19.4,2.999315788334604,2021,54.055267
-14.0,-99.0,19.4,2.999315788334604,2021,54.055267
-14.0,-99.0,19.4,2.999315788334604,2021,54.055267
-14.0,-99.0,19.4,2.999315788334604,2021,54.055267
-14.0,-99.0,19.4,2.999315788334604,2021,54.055267
-14.0,-99.0,19.4,2.999315788334604,2021,54.055267
54.5,-48.46,15.0,2.699055330634278,1997,62.52053
54.5,-48.46,15.0,2.699055330634278,1997,62.52053
54.5,-48.46,15.0,2.699055330634278,1997,62.52053
54.5,-48.46,15.0,2.699055330634278,1997,62.52053
54.5,-48.46,15.0,2.699055330634278,1997,62.52053
54.5,-48.46,15.0,2.699055330634278,1997,62.52053
54.5,-48.46,15.0,2.699055330634278,1997,62.52053
54.5,-48.46,15.0,2.699055330634278,1997,62.52053
54.5,-48.46,15.0,2.699055330634278,1997,62.52053
54.5,-48.46,15.0,2.699055330634278,1997,62.52053
54.5,-48.46,15.0,2.699055330634278,1997,62.52053
54.5,-48.46,15.0,2.699055330634278,1997,62.52053
54.5,-48.46,15.0,2.699055330634278,1997,62.52053
54.5,-48.46,15.0,2.699055330634278,1997,62.52053
54.5,-48.46,15.0,2.699055330634278,1997,62.52053
54.5,-48.46,15.0,2.699055330634278,1997,62.52053
54.5,-48.46,15.0,2.699055330634278,1997,62.52053
54.5,-48.46,30.0,2.755285650022492,1997,62.52053
54.5,-48.46,30.0,2.755285650022492,1997,62.52053
54.5,-48.46,30.0,2.755285650022492,1997,62.52053
54.5,-48.46,30.0,2.755285650022492,1997,62.52053
54.5,-48.46,30.0,2.755285650022492,1997,62.52053
54.5,-48.46,30.0,2.755285650022492,1997,62.52053
54.5,-48.46,30.0,2.755285650022492,1997,62.52053
54.5,-48.46,30.0,2.755285650022492,1997,62.52053
54.5,-48.46,30.0,2.755285650022492,1997,62.52053
54.5,-48.46,30.0,2.755285650022492,1997,62.52053
54.5,-48.46,30.0,2.755285650022492,1997,62.52053
54.5,-48.46,30.0,2.755285650022492,1997,62.52053
54.5,-48.46,30.0,2.755285650022492,1997,62.52053
54.5,-48.46,30.0,2.755285650022492,1997,62.52053
54.5,-48.46,30.0,2.755285650022492,1997,62.52053
54.5,-48.46,30.0,2.755285650022492,1997,62.52053
54.5,-48.46,30.0,2.755285650022492,1997,62.52053
54.5,-48.46,45.0,2.58659469185785,1997,62.52053
54.5,-48.46,45.0,2.58659469185785,1997,62.52053
54.5,-48.46,45.0,2.58659469185785,1997,62.52053
54.5,-48.46,45.0,2.58659469185785,1997,62.52053
54.5,-48.46,45.0,2.58659469185785,1997,62.52053
54.5,-48.46,45.0,2.58659469185785,1997,62.52053
54.5,-48.46,45.0,2.58659469185785,1997,62.52053
54.5,-48.46,45.0,2.58659469185785,1997,62.52053
54.5,-48.46,45.0,2.58659469185785,1997,62.52053
54.5,-48.46,45.0,2.58659469185785,1997,62.52053
54.5,-48.46,45.0,2.58659469185785,1997,62.52053
54.5,-48.46,45.0,2.58659469185785,1997,62.52053
54.5,-48.46,45.0,2.58659469185785,1997,62.52053
54.5,-48.46,45.0,2.58659469185785,1997,62.52053
54.5,-48.46,45.0,2.58659469185785,1997,62.52053
54.5,-48.46,45.0,2.58659469185785,1997,62.52053
54.5,-48.46,45.0,2.58659469185785,1997,62.52053
-2.9625,-25.6148,25.0,2.39982,2018,35.531826
-2.9625,-25.6148,25.0,2.39982,2018,35.531826
-2.9625,-25.6148,25.0,2.39982,2018,35.531826
-2.9625,-25.6148,25.0,2.39982,2018,35.531826
-2.9625,-25.6148,25.0,2.39982,2018,35.531826
-2.9625,-25.6148,25.0,2.39982,2018,35.531826
-2.9625,-25.6148,25.0,2.39982,2018,35.531826
-2.9625,-25.6148,25.0,2.39982,2018,35.531826
-2.9625,-25.6148,25.0,2.39982,2018,35.531826
12.0325,-28.9805,30.0,2.479814,2018,31.293554
12.0325,-28.9805,30.0,2.479814,2018,31.293554
12.0325,-28.9805,30.0,2.479814,2018,31.293554
12.0325,-28.9805,30.0,2.479814,2018,31.293554
12.0325,-28.9805,30.0,2.479814,2018,31.293554
12.0325,-28.9805,30.0,2.479814,2018,31.293554
12.0325,-28.9805,30.0,2.479814,2018,31.293554
12.0325,-28.9805,30.0,2.479814,2018,31.293554
12.0325,-28.9805,30.0,2.479814,2018,31.293554
-41.9,-35.43,5.467,2.923506257119185,2021,48.92476
-41.9,-35.43,5.467,2.923506257119185,2021,48.92476
-41.9,-35.43,5.467,2.923506257119185,2021,48.92476
-41.9,-35.43,5.467,2.923506257119185,2021,48.92476
-41.9,-35.43,5.467,2.923506257119185,2021,48.92476
-41.9,-35.43,5.467,2.923506257119185,2021,48.92476
-41.9,-35.43,5.467,2.923506257119185,2021,48.92476
-41.9,-35.43,5.467,2.923506257119185,2021,48.92476
-41.9,-35.43,5.467,2.923506257119185,2021,48.92476
-41.9,-35.43,5.467,2.923506257119185,2021,48.92476
-41.9,-35.43,18.131,3.031298117867749,2021,48.92476
-41.9,-35.43,18.131,3.031298117867749,2021,48.92476
-41.9,-35.43,18.131,3.031298117867749,2021,48.92476
-41.9,-35.43,18.131,3.031298117867749,2021,48.92476
-41.9,-35.43,18.131,3.031298117867749,2021,48.92476
-41.9,-35.43,18.131,3.031298117867749,2021,48.92476
-41.9,-35.43,18.131,3.031298117867749,2021,48.92476
-41.9,-35.43,18.131,3.031298117867749,2021,48.92476
-41.9,-35.43,18.131,3.031298117867749,2021,48.92476
-41.9,-35.43,18.131,3.031298117867749,2021,48.92476
-41.9,-35.43,21.764,2.987773254463707,2021,48.92476
-41.9,-35.43,21.764,2.987773254463707,2021,48.92476
-41.9,-35.43,21.764,2.987773254463707,2021,48.92476
-41.9,-35.43,21.764,2.987773254463707,2021,48.92476
-41.9,-35.43,21.764,2.987773254463707,2021,48.92476
-41.9,-35.43,21.764,2.987773254463707,2021,48.92476
-41.9,-35.43,21.764,2.987773254463707,2021,48.92476
-41.9,-35.43,21.764,2.987773254463707,2021,48.92476
-41.9,-35.43,21.764,2.987773254463707,2021,48.92476
-41.9,-35.43,21.764,2.987773254463707,2021,48.92476
-40.36,-31.04,4.477,2.897578124636994,2021,48.260895
-40.36,-31.04,4.477,2.897578124636994,2021,48.260895
-40.36,-31.04,4.477,2.897578124636994,2021,48.260895
-40.36,-31.04,4.477,2.897578124636994,2021,48.260895
-40.36,-31.04,4.477,2.897578124636994,2021,48.260895
-40.36,-31.04,4.477,2.897578124636994,2021,48.260895
-40.36,-31.04,4.477,2.897578124636994,2021,48.260895
-40.36,-31.04,4.477,2.897578124636994,2021,48.260895
-40.36,-31.04,25.777,2.833390412229059,2021,48.260895
-40.36,-31.04,25.777,2.833390412229059,2021,48.260895
-40.36,-31.04,25.777,2.833390412229059,2021,48.260895
-40.36,-31.04,25.777,2.833390412229059,2021,48.260895
-40.36,-31.04,25.777,2.833390412229059,2021,48.260895
-40.36,-31.04,25.777,2.833390412229059,2021,48.260895
-40.36,-31.04,25.777,2.833390412229059,2021,48.260895
-40.36,-31.04,25.777,2.833390412229059,2021,48.260895
-40.36,-31.04,40.607,2.715067639211564,2021,48.260895
-40.36,-31.04,40.607,2.715067639211564,2021,48.260895
-40.36,-31.04,40.607,2.715067639211564,2021,48.260895
-40.36,-31.04,40.607,2.715067639211564,2021,48.260895
-40.36,-31.04,40.607,2.715067639211564,2021,48.260895
-40.36,-31.04,40.607,2.715067639211564,2021,48.260895
-40.36,-31.04,40.607,2.715067639211564,2021,48.260895
-40.36,-31.04,40.607,2.715067639211564,2021,48.260895
-10.67,-25.01,3.94,2.923506257119185,2021,45.680164
-10.67,-25.01,3.94,2.923506257119185,2021,45.680164
-10.67,-25.01,3.94,2.923506257119185,2021,45.680164
-10.67,-25.01,3.94,2.923506257119185,2021,45.680164
-10.67,-25.01,3.94,2.923506257119185,2021,45.680164
-10.67,-25.01,3.94,2.923506257119185,2021,45.680164
-10.67,-25.01,3.94,2.923506257119185,2021,45.680164
-10.67,-25.01,3.94,2.923506257119185,2021,45.680164
-10.67,-25.01,3.94,2.923506257119185,2021,45.680164
-10.67,-25.01,3.94,2.923506257119185,2021,45.680164
-10.67,-25.01,3.94,2.923506257119185,2021,45.680164
-10.67,-25.01,32.311,3.01077210419197,2021,45.680164
-10.67,-25.01,32.311,3.01077210419197,2021,45.680164
-10.67,-25.01,32.311,3.01077210419197,2021,45.680164
-10.67,-25.01,32.311,3.01077210419197,2021,45.680164
-10.67,-25.01,32.311,3.01077210419197,2021,45.680164
-10.67,-25.01,32.311,3.01077210419197,2021,45.680164
-10.67,-25.01,32.311,3.01077210419197,2021,45.680164
-10.67,-25.01,32.311,3.01077210419197,2021,45.680164
-10.67,-25.01,32.311,3.01077210419197,2021,45.680164
-10.67,-25.01,32.311,3.01077210419197,2021,45.680164
-10.67,-25.01,32.311,3.01077210419197,2021,45.680164
-8.41,-24.98,4.574,3.006436275219166,2021,46.66693
-8.41,-24.98,4.574,3.006436275219166,2021,46.66693
-8.41,-24.98,4.574,3.006436275219166,2021,46.66693
-8.41,-24.98,4.574,3.006436275219166,2021,46.66693
-8.41,-24.98,4.574,3.006436275219166,2021,46.66693
-8.41,-24.98,4.574,3.006436275219166,2021,46.66693
-8.41,-24.98,4.574,3.006436275219166,2021,46.66693
-8.41,-24.98,4.574,3.006436275219166,2021,46.66693
-8.41,-24.98,4.574,3.006436275219166,2021,46.66693
-8.41,-24.98,4.574,3.006436275219166,2021,46.66693
-8.41,-24.98,4.574,3.006436275219166,2021,46.66693
-8.41,-24.98,4.574,3.006436275219166,2021,46.66693
-8.41,-24.98,45.948,2.973136023975382,2021,46.66693
-8.41,-24.98,45.948,2.973136023975382,2021,46.66693
-8.41,-24.98,45.948,2.973136023975382,2021,46.66693
-8.41,-24.98,45.948,2.973136023975382,2021,46.66693
-8.41,-24.98,45.948,2.973136023975382,2021,46.66693
-8.41,-24.98,45.948,2.973136023975382,2021,46.66693
-8.41,-24.98,45.948,2.973136023975382,2021,46.66693
-8.41,-24.98,45.948,2.973136023975382,2021,46.66693
-8.41,-24.98,45.948,2.973136023975382,2021,46.66693
-8.41,-24.98,45.948,2.973136023975382,2021,46.66693
-8.41,-24.98,45.948,2.973136023975382,2021,46.66693
-8.41,-24.98,45.948,2.973136023975382,2021,46.66693
1.68,-25.01,4.356,2.87244069033396,2021,29.675898
1.68,-25.01,4.356,2.87244069033396,2021,29.675898
1.68,-25.01,4.356,2.87244069033396,2021,29.675898
1.68,-25.01,4.356,2.87244069033396,2021,29.675898
1.68,-25.01,4.356,2.87244069033396,2021,29.675898
1.68,-25.01,4.356,2.87244069033396,2021,29.675898
1.68,-25.01,4.356,2.87244069033396,2021,29.675898
1.68,-25.01,4.356,2.87244069033396,2021,29.675898
1.68,-25.01,4.356,2.87244069033396,2021,29.675898
1.68,-25.01,4.356,2.87244069033396,2021,29.675898
-54.83,-95.68,100.0,3.58,2021,185.89995
-54.83,-95.68,100.0,3.58,2021,185.89995
-54.83,-95.68,100.0,3.58,2021,185.89995
-54.83,-95.68,100.0,3.58,2021,185.89995
-54.83,-95.68,100.0,3.58,2021,185.89995
-54.83,-95.68,150.0,3.59,2021,185.89995
-54.83,-95.68,150.0,3.59,2021,185.89995
-54.83,-95.68,150.0,3.59,2021,185.89995
-54.83,-95.68,150.0,3.59,2021,185.89995
-54.83,-95.68,150.0,3.59,2021,185.89995
-53.2,-118.13,90.0,3.56,2021,180.0537
-53.2,-118.13,90.0,3.56,2021,180.0537
-53.2,-118.13,90.0,3.56,2021,180.0537
-53.2,-118.13,90.0,3.56,2021,180.0537
-53.2,-118.13,90.0,3.56,2021,180.0537
-53.2,-118.13,90.0,3.56,2021,180.0537
-53.2,-118.13,125.0,3.6,2021,180.0537
-53.2,-118.13,125.0,3.6,2021,180.0537
-53.2,-118.13,125.0,3.6,2021,180.0537
-53.2,-118.13,125.0,3.6,2021,180.0537
-53.2,-118.13,125.0,3.6,2021,180.0537
-53.2,-118.13,125.0,3.6,2021,180.0537
-53.2,-118.13,150.0,3.61,2021,180.0537
-53.2,-118.13,150.0,3.61,2021,180.0537
-53.2,-118.13,150.0,3.61,2021,180.0537
-53.2,-118.13,150.0,3.61,2021,180.0537
-53.2,-118.13,150.0,3.61,2021,180.0537
-53.2,-118.13,150.0,3.61,2021,180.0537
-49.906,141.931,15.0,3.28,2019,92.099205
-49.906,141.931,15.0,3.28,2019,92.099205
-49.906,141.931,15.0,3.28,2019,92.099205
-49.906,141.931,15.0,3.28,2019,92.099205
-49.906,141.931,15.0,3.28,2019,92.099205
-49.906,141.931,15.0,3.28,2019,92.099205
-49.906,141.931,15.0,3.28,2019,92.099205
-49.906,141.931,15.0,3.28,2019,92.099205
-49.906,141.931,40.0,3.27,2019,92.099205
-49.906,141.931,40.0,3.27,2019,92.099205
-49.906,141.931,40.0,3.27,2019,92.099205
-49.906,141.931,40.0,3.27,2019,92.099205
-49.906,141.931,40.0,3.27,2019,92.099205
-49.906,141.931,40.0,3.27,2019,92.099205
-49.906,141.931,40.0,3.27,2019,92.099205
-49.906,141.931,40.0,3.27,2019,92.099205
-49.906,141.931,60.0,3.27,2019,92.099205
-49.906,141.931,60.0,3.27,2019,92.099205
-49.906,141.931,60.0,3.27,2019,92.099205
-49.906,141.931,60.0,3.27,2019,92.099205
-49.906,141.931,60.0,3.27,2019,92.099205
-49.906,141.931,60.0,3.27,2019,92.099205
-49.906,141.931,60.0,3.27,2019,92.099205
-49.906,141.931,60.0,3.27,2019,92.099205
-49.393,150.389,15.0,3.22,2019,100.4824
-49.393,150.389,15.0,3.22,2019,100.4824
-49.393,150.389,15.0,3.22,2019,100.4824
-49.393,150.389,15.0,3.22,2019,100.4824
-49.393,150.389,15.0,3.22,2019,100.4824
-49.393,150.389,15.0,3.22,2019,100.4824
-49.393,150.389,15.0,3.22,2019,100.4824
-49.393,150.389,40.0,3.23,2019,100.4824
-49.393,150.389,40.0,3.23,2019,100.4824
-49.393,150.389,40.0,3.23,2019,100.4824
-49.393,150.389,40.0,3.23,2019,100.4824
-49.393,150.389,40.0,3.23,2019,100.4824
-49.393,150.389,40.0,3.23,2019,100.4824
-49.393,150.389,40.0,3.23,2019,100.4824
-49.393,150.389,60.0,3.22,2019,100.4824
-49.393,150.389,60.0,3.22,2019,100.4824
-49.393,150.389,60.0,3.22,2019,100.4824
-49.393,150.389,60.0,3.22,2019,100.4824
-49.393,150.389,60.0,3.22,2019,100.4824
-49.393,150.389,60.0,3.22,2019,100.4824
-49.393,150.389,60.0,3.22,2019,100.4824
-53.583,149.298,15.0,3.454297738231292,2019,83.30001
-53.583,149.298,15.0,3.454297738231292,2019,83.30001
-53.583,149.298,15.0,3.454297738231292,2019,83.30001
-53.583,149.298,15.0,3.454297738231292,2019,83.30001
-53.583,149.298,15.0,3.454297738231292,2019,83.30001
-53.583,149.298,15.0,3.454297738231292,2019,83.30001
-53.583,149.298,15.0,3.454297738231292,2019,83.30001
-53.583,149.298,15.0,3.454297738231292,2019,83.30001
-53.583,149.298,15.0,3.454297738231292,2019,83.30001
-53.583,149.298,15.0,3.454297738231292,2019,83.30001
-53.583,149.298,30.0,3.439917416073711,2019,83.30001
-53.583,149.298,30.0,3.439917416073711,2019,83.30001
-53.583,149.298,30.0,3.439917416073711,2019,83.30001
-53.583,149.298,30.0,3.439917416073711,2019,83.30001
-53.583,149.298,30.0,3.439917416073711,2019,83.30001
-53.583,149.298,30.0,3.439917416073711,2019,83.30001
-53.583,149.298,30.0,3.439917416073711,2019,83.30001
-53.583,149.298,30.0,3.439917416073711,2019,83.30001
-53.583,149.298,30.0,3.439917416073711,2019,83.30001
-53.583,149.298,30.0,3.439917416073711,2019,83.30001
-53.583,149.298,50.0,3.441009680794568,2019,83.30001
-53.583,149.298,50.0,3.441009680794568,2019,83.30001
-53.583,149.298,50.0,3.441009680794568,2019,83.30001
-53.583,149.298,50.0,3.441009680794568,2019,83.30001
-53.583,149.298,50.0,3.441009680794568,2019,83.30001
-53.583,149.298,50.0,3.441009680794568,2019,83.30001
-53.583,149.298,50.0,3.441009680794568,2019,83.30001
-53.583,149.298,50.0,3.441009680794568,2019,83.30001
-53.583,149.298,50.0,3.441009680794568,2019,83.30001
-53.583,149.298,50.0,3.441009680794568,2019,83.30001
-53.583,149.298,80.0,3.39886936325109,2019,83.30001
-53.583,149.298,80.0,3.39886936325109,2019,83.30001
-53.583,149.298,80.0,3.39886936325109,2019,83.30001
-53.583,149.298,80.0,3.39886936325109,2019,83.30001
-53.583,149.298,80.0,3.39886936325109,2019,83.30001
-53.583,149.298,80.0,3.39886936325109,2019,83.30001
-53.583,149.298,80.0,3.39886936325109,2019,83.30001
-53.583,149.298,80.0,3.39886936325109,2019,83.30001
-53.583,149.298,80.0,3.39886936325109,2019,83.30001
-53.583,149.298,80.0,3.39886936325109,2019,83.30001
-59.611,148.64,15.0,3.714695258180517,2019,85.83013
-59.611,148.64,15.0,3.714695258180517,2019,85.83013
-59.611,148.64,15.0,3.714695258180517,2019,85.83013
-59.611,148.64,15.0,3.714695258180517,2019,85.83013
-59.611,148.64,15.0,3.714695258180517,2019,85.83013
-59.611,148.64,15.0,3.714695258180517,2019,85.83013
-59.611,148.64,15.0,3.714695258180517,2019,85.83013
-59.611,148.64,15.0,3.714695258180517,2019,85.83013
-59.611,148.64,15.0,3.714695258180517,2019,85.83013
-59.611,148.64,15.0,3.714695258180517,2019,85.83013
-59.611,148.64,15.0,3.714695258180517,2019,85.83013
-59.611,148.64,15.0,3.714695258180517,2019,85.83013
-59.611,148.64,30.0,3.731567299210166,2019,85.83013
-59.611,148.64,30.0,3.731567299210166,2019,85.83013
-59.611,148.64,30.0,3.731567299210166,2019,85.83013
-59.611,148.64,30.0,3.731567299210166,2019,85.83013
-59.611,148.64,30.0,3.731567299210166,2019,85.83013
-59.611,148.64,30.0,3.731567299210166,2019,85.83013
-59.611,148.64,30.0,3.731567299210166,2019,85.83013
-59.611,148.64,30.0,3.731567299210166,2019,85.83013
-59.611,148.64,30.0,3.731567299210166,2019,85.83013
-59.611,148.64,30.0,3.731567299210166,2019,85.83013
-59.611,148.64,30.0,3.731567299210166,2019,85.83013
-59.611,148.64,30.0,3.731567299210166,2019,85.83013
-59.611,148.64,50.0,3.734324108675817,2019,85.83013
-59.611,148.64,50.0,3.734324108675817,2019,85.83013
-59.611,148.64,50.0,3.734324108675817,2019,85.83013
-59.611,148.64,50.0,3.734324108675817,2019,85.83013
-59.611,148.64,50.0,3.734324108675817,2019,85.83013
-59.611,148.64,50.0,3.734324108675817,2019,85.83013
-59.611,148.64,50.0,3.734324108675817,2019,85.83013
-59.611,148.64,50.0,3.734324108675817,2019,85.83013
-59.611,148.64,50.0,3.734324108675817,2019,85.83013
-59.611,148.64,50.0,3.734324108675817,2019,85.83013
-59.611,148.64,50.0,3.734324108675817,2019,85.83013
-59.611,148.64,50.0,3.734324108675817,2019,85.83013
-59.611,148.64,80.0,3.745049051521955,2019,85.83013
-59.611,148.64,80.0,3.745049051521955,2019,85.83013
-59.611,148.64,80.0,3.745049051521955,2019,85.83013
-59.611,148.64,80.0,3.745049051521955,2019,85.83013
-59.611,148.64,80.0,3.745049051521955,2019,85.83013
-59.611,148.64,80.0,3.745049051521955,2019,85.83013
-59.611,148.64,80.0,3.745049051521955,2019,85.83013
-59.611,148.64,80.0,3.745049051521955,2019,85.83013
-59.611,148.64,80.0,3.745049051521955,2019,85.83013
-59.611,148.64,80.0,3.745049051521955,2019,85.83013
-59.611,148.64,80.0,3.745049051521955,2019,85.83013
-59.611,148.64,80.0,3.745049051521955,2019,85.83013
-67.29,163.536,15.0,3.78366917365798,2019,26.872368
-67.29,163.536,15.0,3.78366917365798,2019,26.872368
-67.29,163.536,15.0,3.78366917365798,2019,26.872368
-67.29,163.536,15.0,3.78366917365798,2019,26.872368
-67.29,163.536,15.0,3.78366917365798,2019,26.872368
-67.29,163.536,15.0,3.78366917365798,2019,26.872368
-67.1,167.36,15.0,3.799319601677353,2019,35.347546
-67.1,167.36,15.0,3.799319601677353,2019,35.347546
-67.1,167.36,15.0,3.799319601677353,2019,35.347546
-67.1,167.36,15.0,3.799319601677353,2019,35.347546
-67.1,167.36,15.0,3.799319601677353,2019,35.347546
-63.963,-66.242,15.0,3.739794213964294,2019,40.325703
-63.963,-66.242,15.0,3.739794213964294,2019,40.325703
-63.963,-66.242,15.0,3.739794213964294,2019,40.325703
-63.963,-66.242,15.0,3.739794213964294,2019,40.325703
-63.963,-66.242,15.0,3.739794213964294,2019,40.325703
-59.6,-67.919,15.0,3.648728693061494,2019,86.97959
-59.6,-67.919,15.0,3.648728693061494,2019,86.97959
-59.6,-67.919,15.0,3.648728693061494,2019,86.97959
-59.6,-67.919,15.0,3.648728693061494,2019,86.97959
-59.6,-67.919,15.0,3.648728693061494,2019,86.97959
-59.6,-67.919,15.0,3.648728693061494,2019,86.97959
-59.6,-67.919,60.0,3.678484102934099,2019,86.97959
-59.6,-67.919,60.0,3.678484102934099,2019,86.97959
-59.6,-67.919,60.0,3.678484102934099,2019,86.97959
-59.6,-67.919,60.0,3.678484102934099,2019,86.97959
-59.6,-67.919,60.0,3.678484102934099,2019,86.97959
-59.6,-67.919,60.0,3.678484102934099,2019,86.97959
-59.6,-67.92,70.0,3.63,2021,98.05347
-46.97,141.93,15.0,2.966661393597626,2021,101.79728
-46.97,141.93,15.0,2.966661393597626,2021,101.79728
-46.97,141.93,15.0,2.966661393597626,2021,101.79728
-46.97,141.93,15.0,2.966661393597626,2021,101.79728
-46.97,141.93,15.0,2.966661393597626,2021,101.79728
-46.97,141.93,15.0,2.966661393597626,2021,101.79728
-46.97,141.93,15.0,2.966661393597626,2021,101.79728
-46.97,141.93,15.0,2.966661393597626,2021,101.79728
-46.97,141.93,15.0,2.966661393597626,2021,101.79728
-46.97,141.93,15.0,2.966661393597626,2021,101.79728
-46.97,141.93,15.0,2.966661393597626,2021,101.79728
-46.97,141.93,15.0,2.966661393597626,2021,101.79728
-46.97,141.93,15.0,2.966661393597626,2021,101.79728
-46.97,141.93,15.0,2.966661393597626,2021,101.79728
-46.97,141.93,15.0,2.966661393597626,2021,101.79728
-46.97,141.93,15.0,2.966661393597626,2021,101.79728
-46.97,141.93,15.0,2.966661393597626,2021,101.79728
-46.97,141.93,40.0,3.015442025636702,2021,101.79728
-46.97,141.93,40.0,3.015442025636702,2021,101.79728
-46.97,141.93,40.0,3.015442025636702,2021,101.79728
-46.97,141.93,40.0,3.015442025636702,2021,101.79728
-46.97,141.93,40.0,3.015442025636702,2021,101.79728
-46.97,141.93,40.0,3.015442025636702,2021,101.79728
-46.97,141.93,40.0,3.015442025636702,2021,101.79728
-46.97,141.93,40.0,3.015442025636702,2021,101.79728
-46.97,141.93,40.0,3.015442025636702,2021,101.79728
-46.97,141.93,40.0,3.015442025636702,2021,101.79728
-46.97,141.93,40.0,3.015442025636702,2021,101.79728
-46.97,141.93,40.0,3.015442025636702,2021,101.79728
-46.97,141.93,40.0,3.015442025636702,2021,101.79728
-46.97,141.93,40.0,3.015442025636702,2021,101.79728
-46.97,141.93,40.0,3.015442025636702,2021,101.79728
-46.97,141.93,40.0,3.015442025636702,2021,101.79728
-46.97,141.93,40.0,3.015442025636702,2021,101.79728
-46.97,141.93,70.0,2.916931001581919,2021,101.79728
-46.97,141.93,70.0,2.916931001581919,2021,101.79728
-46.97,141.93,70.0,2.916931001581919,2021,101.79728
-46.97,141.93,70.0,2.916931001581919,2021,101.79728
-46.97,141.93,70.0,2.916931001581919,2021,101.79728
-46.97,141.93,70.0,2.916931001581919,2021,101.79728
-46.97,141.93,70.0,2.916931001581919,2021,101.79728
-46.97,141.93,70.0,2.916931001581919,2021,101.79728
-46.97,141.93,70.0,2.916931001581919,2021,101.79728
-46.97,141.93,70.0,2.916931001581919,2021,101.79728
-46.97,141.93,70.0,2.916931001581919,2021,101.79728
-46.97,141.93,70.0,2.916931001581919,2021,101.79728
-46.97,141.93,70.0,2.916931001581919,2021,101.79728
-46.97,141.93,70.0,2.916931001581919,2021,101.79728
-46.97,141.93,70.0,2.916931001581919,2021,101.79728
-46.97,141.93,70.0,2.916931001581919,2021,101.79728
-46.97,141.93,70.0,2.916931001581919,2021,101.79728
-46.97,141.93,100.0,2.819392522656319,2021,101.79728
-46.97,141.93,100.0,2.819392522656319,2021,101.79728
-46.97,141.93,100.0,2.819392522656319,2021,101.79728
-46.97,141.93,100.0,2.819392522656319,2021,101.79728
-46.97,141.93,100.0,2.819392522656319,2021,101.79728
-46.97,141.93,100.0,2.819392522656319,2021,101.79728
-46.97,141.93,100.0,2.819392522656319,2021,101.79728
-46.97,141.93,100.0,2.819392522656319,2021,101.79728
-46.97,141.93,100.0,2.819392522656319,2021,101.79728
-46.97,141.93,100.0,2.819392522656319,2021,101.79728
-46.97,141.93,100.0,2.819392522656319,2021,101.79728
-46.97,141.93,100.0,2.819392522656319,2021,101.79728
-46.97,141.93,100.0,2.819392522656319,2021,101.79728
-46.97,141.93,100.0,2.819392522656319,2021,101.79728
-46.97,141.93,100.0,2.819392522656319,2021,101.79728
-46.97,141.93,100.0,2.819392522656319,2021,101.79728
-46.97,141.93,100.0,2.819392522656319,2021,101.79728
-47.0,141.9,15.0,3.243186862840151,2021,101.79728
-47.0,141.9,15.0,3.243186862840151,2021,101.79728
-47.0,141.9,15.0,3.243186862840151,2021,101.79728
-47.0,141.9,15.0,3.243186862840151,2021,101.79728
-47.0,141.9,15.0,3.243186862840151,2021,101.79728
-47.0,141.9,15.0,3.243186862840151,2021,101.79728
-47.0,141.9,15.0,3.243186862840151,2021,101.79728
-47.0,141.9,15.0,3.243186862840151,2021,101.79728
-47.0,141.9,15.0,3.243186862840151,2021,101.79728
-47.0,141.9,15.0,3.243186862840151,2021,101.79728
-47.0,141.9,15.0,3.243186862840151,2021,101.79728
-47.0,141.9,15.0,3.243186862840151,2021,101.79728
-47.0,141.9,15.0,3.243186862840151,2021,101.79728
-47.0,141.9,15.0,3.243186862840151,2021,101.79728
-47.0,141.9,15.0,3.243186862840151,2021,101.79728
-47.0,141.9,15.0,3.243186862840151,2021,101.79728
-47.0,141.9,15.0,3.243186862840151,2021,101.79728
-47.0,141.9,15.0,3.243186862840151,2021,101.79728
-47.0,141.9,15.0,3.243186862840151,2021,101.79728
-47.0,141.9,15.0,3.243186862840151,2021,101.79728
-47.0,141.9,15.0,3.243186862840151,2021,101.79728
-47.0,141.9,15.0,3.243186862840151,2021,101.79728
-47.0,141.9,15.0,3.243186862840151,2021,101.79728
-47.0,141.9,40.0,3.187767548137979,2021,101.79728
-47.0,141.9,40.0,3.187767548137979,2021,101.79728
-47.0,141.9,40.0,3.187767548137979,2021,101.79728
-47.0,141.9,40.0,3.187767548137979,2021,101.79728
-47.0,141.9,40.0,3.187767548137979,2021,101.79728
-47.0,141.9,40.0,3.187767548137979,2021,101.79728
-47.0,141.9,40.0,3.187767548137979,2021,101.79728
-47.0,141.9,40.0,3.187767548137979,2021,101.79728
-47.0,141.9,40.0,3.187767548137979,2021,101.79728
-47.0,141.9,40.0,3.187767548137979,2021,101.79728
-47.0,141.9,40.0,3.187767548137979,2021,101.79728
-47.0,141.9,40.0,3.187767548137979,2021,101.79728
-47.0,141.9,40.0,3.187767548137979,2021,101.79728
-47.0,141.9,40.0,3.187767548137979,2021,101.79728
-47.0,141.9,40.0,3.187767548137979,2021,101.79728
-47.0,141.9,40.0,3.187767548137979,2021,101.79728
-47.0,141.9,40.0,3.187767548137979,2021,101.79728
-47.0,141.9,40.0,3.187767548137979,2021,101.79728
-47.0,141.9,40.0,3.187767548137979,2021,101.79728
-47.0,141.9,40.0,3.187767548137979,2021,101.79728
-47.0,141.9,40.0,3.187767548137979,2021,101.79728
-47.0,141.9,40.0,3.187767548137979,2021,101.79728
-47.0,141.9,40.0,3.187767548137979,2021,101.79728
-47.0,141.9,70.0,3.171208234097189,2021,101.79728
-47.0,141.9,70.0,3.171208234097189,2021,101.79728
-47.0,141.9,70.0,3.171208234097189,2021,101.79728
-47.0,141.9,70.0,3.171208234097189,2021,101.79728
-47.0,141.9,70.0,3.171208234097189,2021,101.79728
-47.0,141.9,70.0,3.171208234097189,2021,101.79728
-47.0,141.9,70.0,3.171208234097189,2021,101.79728
-47.0,141.9,70.0,3.171208234097189,2021,101.79728
-47.0,141.9,70.0,3.171208234097189,2021,101.79728
-47.0,141.9,70.0,3.171208234097189,2021,101.79728
-47.0,141.9,70.0,3.171208234097189,2021,101.79728
-47.0,141.9,70.0,3.171208234097189,2021,101.79728
-47.0,141.9,70.0,3.171208234097189,2021,101.79728
-47.0,141.9,70.0,3.171208234097189,2021,101.79728
-47.0,141.9,70.0,3.171208234097189,2021,101.79728
-47.0,141.9,70.0,3.171208234097189,2021,101.79728
-47.0,141.9,70.0,3.171208234097189,2021,101.79728
-47.0,141.9,70.0,3.171208234097189,2021,101.79728
-47.0,141.9,70.0,3.171208234097189,2021,101.79728
-47.0,141.9,70.0,3.171208234097189,2021,101.79728
-47.0,141.9,70.0,3.171208234097189,2021,101.79728
-47.0,141.9,70.0,3.171208234097189,2021,101.79728
-47.0,141.9,70.0,3.171208234097189,2021,101.79728
-47.0,141.9,100.0,3.245635939882832,2021,101.79728
-47.0,141.9,100.0,3.245635939882832,2021,101.79728
-47.0,141.9,100.0,3.245635939882832,2021,101.79728
-47.0,141.9,100.0,3.245635939882832,2021,101.79728
-47.0,141.9,100.0,3.245635939882832,2021,101.79728
-47.0,141.9,100.0,3.245635939882832,2021,101.79728
-47.0,141.9,100.0,3.245635939882832,2021,101.79728
-47.0,141.9,100.0,3.245635939882832,2021,101.79728
-47.0,141.9,100.0,3.245635939882832,2021,101.79728
-47.0,141.9,100.0,3.245635939882832,2021,101.79728
-47.0,141.9,100.0,3.245635939882832,2021,101.79728
-47.0,141.9,100.0,3.245635939882832,2021,101.79728
-47.0,141.9,100.0,3.245635939882832,2021,101.79728
-47.0,141.9,100.0,3.245635939882832,2021,101.79728
-47.0,141.9,100.0,3.245635939882832,2021,101.79728
-47.0,141.9,100.0,3.245635939882832,2021,101.79728
-47.0,141.9,100.0,3.245635939882832,2021,101.79728
-47.0,141.9,100.0,3.245635939882832,2021,101.79728
-47.0,141.9,100.0,3.245635939882832,2021,101.79728
-47.0,141.9,100.0,3.245635939882832,2021,101.79728
-47.0,141.9,100.0,3.245635939882832,2021,101.79728
-47.0,141.9,100.0,3.245635939882832,2021,101.79728
-47.0,141.9,100.0,3.245635939882832,2021,101.79728
-45.7,153.5,15.0,3.078107819938749,2021,68.57313
-45.7,153.5,15.0,3.078107819938749,2021,68.57313
-45.7,153.5,15.0,3.078107819938749,2021,68.57313
-45.7,153.5,15.0,3.078107819938749,2021,68.57313
-45.7,153.5,15.0,3.078107819938749,2021,68.57313
-45.7,153.5,15.0,3.078107819938749,2021,68.57313
-45.7,153.5,15.0,3.078107819938749,2021,68.57313
-45.7,153.5,15.0,3.078107819938749,2021,68.57313
-45.7,153.5,15.0,3.078107819938749,2021,68.57313
-45.7,153.5,15.0,3.078107819938749,2021,68.57313
-45.7,153.5,15.0,3.078107819938749,2021,68.57313
-45.7,153.5,15.0,3.078107819938749,2021,68.57313
-45.7,153.5,15.0,3.078107819938749,2021,68.57313
-45.7,153.5,15.0,3.078107819938749,2021,68.57313
-45.7,153.5,15.0,3.078107819938749,2021,68.57313
-45.7,153.5,15.0,3.078107819938749,2021,68.57313
-45.7,153.5,15.0,3.078107819938749,2021,68.57313
-45.7,153.5,15.0,3.078107819938749,2021,68.57313
-45.7,153.5,15.0,3.078107819938749,2021,68.57313
-45.7,153.5,15.0,3.078107819938749,2021,68.57313
-45.7,153.5,15.0,3.078107819938749,2021,68.57313
-45.7,153.5,15.0,3.078107819938749,2021,68.57313
-45.7,153.5,15.0,3.078107819938749,2021,68.57313
-45.7,153.5,15.0,3.078107819938749,2021,68.57313
-45.7,153.5,15.0,3.078107819938749,2021,68.57313
-45.7,153.5,40.0,3.064284175313482,2021,68.57313
-45.7,153.5,40.0,3.064284175313482,2021,68.57313
-45.7,153.5,40.0,3.064284175313482,2021,68.57313
-45.7,153.5,40.0,3.064284175313482,2021,68.57313
-45.7,153.5,40.0,3.064284175313482,2021,68.57313
-45.7,153.5,40.0,3.064284175313482,2021,68.57313
-45.7,153.5,40.0,3.064284175313482,2021,68.57313
-45.7,153.5,40.0,3.064284175313482,2021,68.57313
-45.7,153.5,40.0,3.064284175313482,2021,68.57313
-45.7,153.5,40.0,3.064284175313482,2021,68.57313
-45.7,153.5,40.0,3.064284175313482,2021,68.57313
-45.7,153.5,40.0,3.064284175313482,2021,68.57313
-45.7,153.5,40.0,3.064284175313482,2021,68.57313
-45.7,153.5,40.0,3.064284175313482,2021,68.57313
-45.7,153.5,40.0,3.064284175313482,2021,68.57313
-45.7,153.5,40.0,3.064284175313482,2021,68.57313
-45.7,153.5,40.0,3.064284175313482,2021,68.57313
-45.7,153.5,40.0,3.064284175313482,2021,68.57313
-45.7,153.5,40.0,3.064284175313482,2021,68.57313
-45.7,153.5,40.0,3.064284175313482,2021,68.57313
-45.7,153.5,40.0,3.064284175313482,2021,68.57313
-45.7,153.5,40.0,3.064284175313482,2021,68.57313
-45.7,153.5,40.0,3.064284175313482,2021,68.57313
-45.7,153.5,40.0,3.064284175313482,2021,68.57313
-45.7,153.5,40.0,3.064284175313482,2021,68.57313
85.13,-150.1,19.3,1.62,2018,54.106308
85.13,-150.1,19.3,1.62,2018,54.106308
85.13,-150.1,19.3,1.62,2018,54.106308
85.13,-150.1,19.3,1.62,2018,54.106308
85.13,-150.1,19.3,1.62,2018,54.106308
85.13,-150.1,19.3,1.62,2018,54.106308
85.13,-150.1,19.3,1.62,2018,54.106308
85.13,-150.1,19.3,1.62,2018,54.106308
85.13,-150.1,19.3,1.62,2018,54.106308
85.13,-150.1,19.3,1.62,2018,54.106308
85.13,-150.1,19.3,1.62,2018,54.106308
85.13,-150.1,19.3,1.62,2018,54.106308
85.13,-150.1,19.3,1.62,2018,54.106308
85.13,-150.1,19.3,1.62,2018,54.106308
85.13,-150.1,19.3,1.62,2018,54.106308
85.13,-150.1,19.3,1.62,2018,54.106308
85.13,-150.1,19.3,1.62,2018,54.106308
85.13,-150.1,19.3,1.62,2018,54.106308
85.13,-150.1,19.3,1.62,2018,54.106308
85.13,-150.1,19.3,1.62,2018,54.106308
85.13,-150.1,19.3,1.62,2018,54.106308
85.13,-150.1,19.3,1.62,2018,54.106308
85.13,-150.1,19.3,1.62,2018,54.106308
85.13,-150.1,34.9,1.65,2018,54.106308
85.13,-150.1,34.9,1.65,2018,54.106308
85.13,-150.1,34.9,1.65,2018,54.106308
85.13,-150.1,34.9,1.65,2018,54.106308
85.13,-150.1,34.9,1.65,2018,54.106308
85.13,-150.1,34.9,1.65,2018,54.106308
85.13,-150.1,34.9,1.65,2018,54.106308
85.13,-150.1,34.9,1.65,2018,54.106308
85.13,-150.1,34.9,1.65,2018,54.106308
85.13,-150.1,34.9,1.65,2018,54.106308
85.13,-150.1,34.9,1.65,2018,54.106308
85.13,-150.1,34.9,1.65,2018,54.106308
85.13,-150.1,34.9,1.65,2018,54.106308
85.13,-150.1,34.9,1.65,2018,54.106308
85.13,-150.1,34.9,1.65,2018,54.106308
85.13,-150.1,34.9,1.65,2018,54.106308
85.13,-150.1,34.9,1.65,2018,54.106308
85.13,-150.1,34.9,1.65,2018,54.106308
85.13,-150.1,34.9,1.65,2018,54.106308
85.13,-150.1,34.9,1.65,2018,54.106308
85.13,-150.1,34.9,1.65,2018,54.106308
85.13,-150.1,34.9,1.65,2018,54.106308
85.13,-150.1,34.9,1.65,2018,54.106308
85.13,-150.1,53.9,1.82,2018,54.106308
85.13,-150.1,53.9,1.82,2018,54.106308
85.13,-150.1,53.9,1.82,2018,54.106308
85.13,-150.1,53.9,1.82,2018,54.106308
85.13,-150.1,53.9,1.82,2018,54.106308
85.13,-150.1,53.9,1.82,2018,54.106308
85.13,-150.1,53.9,1.82,2018,54.106308
85.13,-150.1,53.9,1.82,2018,54.106308
85.13,-150.1,53.9,1.82,2018,54.106308
85.13,-150.1,53.9,1.82,2018,54.106308
85.13,-150.1,53.9,1.82,2018,54.106308
85.13,-150.1,53.9,1.82,2018,54.106308
85.13,-150.1,53.9,1.82,2018,54.106308
85.13,-150.1,53.9,1.82,2018,54.106308
85.13,-150.1,53.9,1.82,2018,54.106308
85.13,-150.1,53.9,1.82,2018,54.106308
85.13,-150.1,53.9,1.82,2018,54.106308
85.13,-150.1,53.9,1.82,2018,54.106308
85.13,-150.1,53.9,1.82,2018,54.106308
85.13,-150.1,53.9,1.82,2018,54.106308
85.13,-150.1,53.9,1.82,2018,54.106308
85.13,-150.1,53.9,1.82,2018,54.106308
85.13,-150.1,53.9,1.82,2018,54.106308
72.8,-159.62,1.0,1.63,2018,29.14392
72.8,-159.62,1.0,1.63,2018,29.14392
72.8,-159.62,1.0,1.63,2018,29.14392
72.8,-159.62,1.0,1.63,2018,29.14392
72.8,-159.62,20.4,1.95,2018,29.14392
72.8,-159.62,20.4,1.95,2018,29.14392
72.8,-159.62,20.4,1.95,2018,29.14392
72.8,-159.62,20.4,1.95,2018,29.14392
